variant_id,rule_id,variant_text,variant_type,matching_method,regex_pattern,case_sensitive,exact_match_required,language,confidence,review_status,notes
V000001,R-A01-001,国家级,keyword,exact,,false,true,zh-CN,高,已审核,
V000002,R-A01-001,最高级,keyword,exact,,false,true,zh-CN,高,已审核,
V000003,R-A01-001,最佳,keyword,exact,,false,true,zh-CN,高,已审核,
V000004,R-A01-001,最顶尖,synonym,contains,,false,false,zh-CN,高,已审核,
V000005,R-A01-001,史上最强,synonym,contains,,false,false,zh-CN,高,已审核,
V000006,R-A01-002,第一,keyword,contains,,false,false,zh-CN,高,已审核,需结合上下文判断是否指向医美服务
V000007,R-A01-002,全网第一,synonym,exact,,false,true,zh-CN,高,已审核,
V000008,R-A01-002,行业第一,synonym,exact,,false,true,zh-CN,高,已审核,
V000009,R-A01-002,NO.1,number_symbol_variant,contains,(?i)\bno\.?\s*1\b,false,false,multi,高,已审核,匹配NO.1/NO1/no.1/no1等变体
V000010,R-A01-002,TOP1,number_symbol_variant,contains,(?i)\btop\s*1\b,false,false,multi,高,已审核,
V000011,R-A02-001,保证有效,keyword,exact,,false,true,zh-CN,高,已审核,
V000012,R-A02-001,一次见效,keyword,exact,,false,true,zh-CN,高,已审核,
V000013,R-A02-001,彻底治愈,keyword,exact,,false,true,zh-CN,高,已审核,
V000014,R-A02-001,百分百有效,synonym,contains,,false,false,zh-CN,高,已审核,
V000015,R-A02-001,无效退款,sentence_pattern,exact,,false,true,zh-CN,高,已审核,
V000016,R-A02-002,永久有效,keyword,exact,,false,true,zh-CN,高,已审核,
V000017,R-A02-002,终身不反弹,keyword,exact,,false,true,zh-CN,高,已审核,
V000018,R-A02-002,一辈子保持,synonym,contains,,false,false,zh-CN,高,已审核,
V000019,R-A03-001,零风险,keyword,exact,,false,true,zh-CN,高,已审核,
V000020,R-A03-001,绝对安全,keyword,exact,,false,true,zh-CN,高,已审核,
V000021,R-A03-001,无副作用,keyword,exact,,false,true,zh-CN,高,已审核,
V000022,R-A03-001,完全无痛,keyword,exact,,false,true,zh-CN,高,已审核,
V000023,R-A03-002,无后遗症,keyword,exact,,false,true,zh-CN,高,已审核,
V000024,R-A03-002,不留疤,keyword,exact,,false,true,zh-CN,高,已审核,
V000025,R-A03-002,不反弹,keyword,exact,,false,true,zh-CN,高,已审核,
V000026,R-A04-001,三天恢复,keyword,exact,,false,true,zh-CN,高,已审核,
V000027,R-A04-001,七天变美,keyword,exact,,false,true,zh-CN,高,已审核,
V000028,R-A04-001,一周见效,keyword,exact,,false,true,zh-CN,高,已审核,
V000029,R-A05-001,术前术后对比,keyword,contains,,false,false,zh-CN,高,已审核,
V000030,R-A05-001,治疗前后效果,keyword,contains,,false,false,zh-CN,高,已审核,
V000031,R-A05-002a,亲测有效,keyword,exact,,false,true,zh-CN,高,已审核,
V000032,R-A05-002a,做完鼻子一个月变这样,sentence_pattern,fuzzy,,false,false,zh-CN,高,已审核,模糊匹配做完+项目+时间+效果变化句式
V000033,R-A06-001,全国最权威专家,keyword,exact,,false,true,zh-CN,高,已审核,
V000034,R-A06-001,医美第一刀,keyword,exact,,false,true,zh-CN,高,已审核,
V000035,R-A06-002,国际认证,keyword,exact,,false,true,zh-CN,高,已审核,需提供认证证明
V000036,R-A06-002,亚洲最大,keyword,exact,,false,true,zh-CN,高,已审核,
V000037,R-A07-001,销量第一,keyword,exact,,false,true,zh-CN,高,已审核,
V000038,R-A07-001,成功率99%,keyword,contains,成功率\d+%,false,false,zh-CN,高,已审核,
V000039,R-A07-001,万人选择,keyword,exact,,false,true,zh-CN,高,已审核,
V000040,R-A08-001,最低价,keyword,exact,,false,true,zh-CN,高,已审核,
V000041,R-A08-001,最后一天,keyword,exact,,false,true,zh-CN,高,已审核,
V000042,R-A08-001,错过不再,keyword,exact,,false,true,zh-CN,高,已审核,
V000043,R-A08-002,免费治疗,keyword,exact,,false,true,zh-CN,高,已审核,
V000044,R-A08-002,免费体验,keyword,exact,,false,true,zh-CN,高,已审核,
V000045,R-A09-001,丑女人,keyword,exact,,false,true,zh-CN,高,已审核,
V000046,R-A09-001,脸垮了,keyword,exact,,false,true,zh-CN,高,已审核,
V000047,R-A09-001,显老十岁,keyword,exact,,false,true,zh-CN,高,已审核,
V000048,R-A09-002,不做就老了,sentence_pattern,exact,,false,true,zh-CN,高,已审核,
V000049,R-A09-002,颜值决定人生,keyword,exact,,false,true,zh-CN,高,已审核,
V000050,R-A09-002,再不保养就没人喜欢了,sentence_pattern,fuzzy,,false,false,zh-CN,高,已审核,
V000051,R-A10-001,你这是激素脸,sentence_pattern,contains,,false,false,zh-CN,高,已审核,
V000052,R-A10-001,你适合做XX项目,sentence_pattern,fuzzy,"你适合做.{1,10}(项目|治疗|手术)",false,false,zh-CN,高,已审核,
V000053,R-A10-001,你这属于XX肤质,sentence_pattern,fuzzy,"你这属于.{1,10}(肤质|皮肤|问题)",false,false,zh-CN,高,已审核,
V000054,R-A11-001,超适应证使用,keyword,contains,,false,false,zh-CN,高,已审核,
V000055,R-A11-001,XX器械效果是传统方法的十倍,sentence_pattern,fuzzy,,false,false,zh-CN,高,已审核,
V000056,R-A12-001a,XX明星做了这个项目,sentence_pattern,fuzzy,,false,false,zh-CN,高,已审核,
V000057,R-A12-001a,推荐官,keyword,contains,,false,false,zh-CN,高,已审核,
V000058,R-A12-001b,XX明星同款风格,sentence_pattern,fuzzy,,false,false,zh-CN,中,已审核,需确认未暗示该明星使用了医美项目
V000059,R-A14-001,小红书医美笔记,euphemism,semantic,,false,false,zh-CN,中,已审核,
V000060,R-A16-001,科普文章嵌入预约链接,sentence_pattern,semantic,,false,false,zh-CN,中,已审核,
V000061,R-A01-003,效果超级好,sentence_pattern,contains,,false,false,zh-CN,高,已审核,
V000062,R-A01-003,逆天效果,keyword,exact,,false,true,zh-CN,高,已审核,
V000063,R-A01-003,效果绝了,sentence_pattern,contains,,false,false,zh-CN,高,已审核,
V000064,R-A01-003,效果惊人,keyword,exact,,false,true,zh-CN,高,已审核,
V000065,R-A01-004,行业标杆,keyword,exact,,false,true,zh-CN,高,已审核,
V000066,R-A01-004,行业领军品牌,keyword,exact,,false,true,zh-CN,高,已审核,
V000067,R-A01-004,行业佼佼者,keyword,exact,,false,true,zh-CN,高,已审核,
V000068,R-A01-005,任何人都适合,keyword,exact,,false,true,zh-CN,高,已审核,
V000069,R-A01-005,无一例外,keyword,exact,,false,true,zh-CN,高,已审核,
V000070,R-A01-005,所有人都适合,sentence_pattern,contains,,false,false,zh-CN,高,已审核,
V000071,R-A01-006,绝无仅有,keyword,exact,,false,true,zh-CN,高,已审核,
V000072,R-A01-006,无人能及,keyword,exact,,false,true,zh-CN,高,已审核,
V000073,R-A01-006,无可匹敌,keyword,exact,,false,true,zh-CN,高,已审核,
V000074,R-A01-007,永远年轻,keyword,exact,,false,true,zh-CN,高,已审核,
V000075,R-A01-007,一直美下去,keyword,exact,,false,true,zh-CN,高,已审核,
V000076,R-A01-007,永不过时,keyword,exact,,false,true,zh-CN,高,已审核,
V000077,R-A01-008,完美效果,keyword,exact,,false,true,zh-CN,高,已审核,
V000078,R-A01-008,毫无瑕疵,keyword,exact,,false,true,zh-CN,高,已审核,
V000079,R-A01-008,浑然天成,keyword,exact,,false,true,zh-CN,高,已审核,
V000080,R-A01-009,国际领先技术,keyword,exact,,false,true,zh-CN,高,已审核,
V000081,R-A01-009,黑科技,keyword,exact,,false,true,zh-CN,高,已审核,
V000082,R-A01-009,革命性突破,keyword,exact,,false,true,zh-CN,高,已审核,
V000083,R-A01-010,零差评,keyword,exact,,false,true,zh-CN,高,已审核,
V000084,R-A01-010,人人称赞,keyword,exact,,false,true,zh-CN,高,已审核,
V000085,R-A01-010,清一色好评,keyword,exact,,false,true,zh-CN,高,已审核,
V000086,R-A01-011,全国首家,keyword,exact,,false,true,zh-CN,高,已审核,
V000087,R-A01-011,独家技术,keyword,exact,,false,true,zh-CN,高,已审核,
V000088,R-A01-011,唯一授权,keyword,exact,,false,true,zh-CN,高,已审核,
V000089,R-A01-012,比任何方法都好,sentence_pattern,contains,,false,false,zh-CN,高,已审核,
V000090,R-A01-012,比所有方式都有效,sentence_pattern,contains,,false,false,zh-CN,高,已审核,
V000091,R-A02-003,缩小X毫米,sentence_pattern,fuzzy,缩小\d+(\.\d+)?(毫米|mm),false,false,zh-CN,高,已审核,
V000092,R-A02-003,提升X%,sentence_pattern,fuzzy,提升\d+(\.\d+)?%,false,false,zh-CN,高,已审核,
V000093,R-A02-003,消除X%皱纹,sentence_pattern,fuzzy,"消除\d+(\.\d+)?%.{0,5}(皱纹|斑点|痘痘)",false,false,zh-CN,高,已审核,
V000094,R-A02-004,效果是传统的N倍,sentence_pattern,fuzzy,"效果是.{0,5}\d+倍",false,false,zh-CN,高,已审核,
V000095,R-A02-004,远超传统方法,keyword,exact,,false,true,zh-CN,高,已审核,
V000096,R-A02-005,不管什么肤质都有用,sentence_pattern,contains,,false,false,zh-CN,高,已审核,
V000097,R-A02-005,对所有人都管用,keyword,exact,,false,true,zh-CN,高,已审核,
V000098,R-A02-006,做完一定美,keyword,exact,,false,true,zh-CN,高,已审核,
V000099,R-A02-006,肯定有效,keyword,exact,,false,true,zh-CN,高,已审核,
V000100,R-A02-007,彻底治愈,keyword,exact,,false,true,zh-CN,高,已审核,
V000101,R-A02-007,根治黑眼圈,keyword,exact,,false,true,zh-CN,高,已审核,
V000102,R-A02-007,除根,keyword,exact,,false,true,zh-CN,高,已审核,
V000103,R-A02-008,逆龄生长,keyword,exact,,false,true,zh-CN,高,已审核,
V000104,R-A02-008,重返十八岁,keyword,exact,,false,true,zh-CN,高,已审核,
V000105,R-A02-008,逆袭变美,keyword,exact,,false,true,zh-CN,高,已审核,
V000106,R-A02-009,不用开刀达到手术效果,sentence_pattern,contains,,false,false,zh-CN,高,已审核,
V000107,R-A02-009,不开刀媲美手术,keyword,exact,,false,true,zh-CN,高,已审核,
V000108,R-A02-010,宛如天生,keyword,exact,,false,true,zh-CN,高,已审核,
V000109,R-A02-010,妈生鼻,keyword,exact,,false,true,zh-CN,高,已审核,
V000110,R-A02-010,就像没做过一样,keyword,exact,,false,true,zh-CN,高,已审核,
V000111,R-A02-011,不仅提拉还紧致甚至美白,sentence_pattern,fuzzy,,false,false,zh-CN,中,已审核,
V000112,R-A02-011,美白、祛斑、嫩肤、提拉、紧致、缩毛孔,sentence_pattern,fuzzy,,false,false,zh-CN,中,已审核,连续3+功效词并列
V000113,R-A02-012,效果超乎想象,keyword,exact,,false,true,zh-CN,高,已审核,
V000114,R-A02-012,惊喜效果,keyword,exact,,false,true,zh-CN,高,已审核,
V000115,R-A03-003,比其他方式安全,sentence_pattern,contains,,false,false,zh-CN,高,已审核,
V000116,R-A03-003,更安全的选择,keyword,exact,,false,true,zh-CN,高,已审核,
V000117,R-A03-004,就像打针一样简单,keyword,exact,,false,true,zh-CN,高,已审核,
V000118,R-A03-004,跟做面膜差不多,keyword,exact,,false,true,zh-CN,高,已审核,
V000119,R-A03-005,完全不用担心,keyword,exact,,false,true,zh-CN,高,已审核,
V000120,R-A03-005,放心做,keyword,exact,,false,true,zh-CN,高,已审核,
V000121,R-A03-006,做完就能上班,keyword,exact,,false,true,zh-CN,高,已审核,
V000122,R-A03-006,不影响工作,keyword,exact,,false,true,zh-CN,高,已审核,
V000123,R-A03-007,获得FDA安全认证,keyword,exact,,false,true,zh-CN,高,已审核,
V000124,R-A03-007,通过欧盟CE安全认证,keyword,exact,,false,true,zh-CN,高,已审核,
V000125,R-A03-008,孕妇可用,keyword,exact,,false,true,zh-CN,高,已审核,
V000126,R-A03-008,敏感肌绝对安全,keyword,exact,,false,true,zh-CN,高,已审核,
V000127,R-A04-002,做完就能看到,keyword,exact,,false,true,zh-CN,高,已审核,
V000128,R-A04-002,立竿见影,keyword,exact,,false,true,zh-CN,高,已审核,
V000129,R-A04-002,即刻见效,keyword,exact,,false,true,zh-CN,高,已审核,
V000130,R-A04-003,效果保持十年,sentence_pattern,fuzzy,保持\d+年,false,false,zh-CN,高,已审核,
V000131,R-A04-003,五年不用再做,sentence_pattern,fuzzy,\d+年不用再,false,false,zh-CN,高,已审核,
V000132,R-A04-004,恢复比别人快一倍,keyword,exact,,false,true,zh-CN,高,已审核,
V000133,R-A04-004,体质好恢复快,keyword,exact,,false,true,zh-CN,高,已审核,
V000134,R-A04-005,午休式美容,keyword,exact,,false,true,zh-CN,高,已审核,
V000135,R-A04-005,午饭时间搞定,keyword,exact,,false,true,zh-CN,高,已审核,
V000136,R-A04-006,做完年轻十岁,keyword,exact,,false,true,zh-CN,高,已审核,
V000137,R-A04-006,重返青春,keyword,exact,,false,true,zh-CN,高,已审核,
V000138,R-A04-007,一个疗程必定见效,keyword,exact,,false,true,zh-CN,高,已审核,
V000139,R-A04-007,三次保证好,keyword,exact,,false,true,zh-CN,高,已审核,
V000140,R-A04-008,一周搞定,keyword,exact,,false,true,zh-CN,高,已审核,
V000141,R-A04-008,婚礼前变美,keyword,exact,,false,true,zh-CN,高,已审核,
V000142,R-A07-002,已完成XX万例,sentence_pattern,fuzzy,(已?完成|超过)\d+万例,false,false,zh-CN,高,已审核,
V000143,R-A07-002,累计服务XX万人,sentence_pattern,fuzzy,(累计|服务)\d+万人,false,false,zh-CN,高,已审核,
V000144,R-A07-003,年增长300%,sentence_pattern,fuzzy,(年|同比)增长\d+(\.\d+)?%,false,false,zh-CN,高,已审核,
V000145,R-A07-003,复购率XX%,sentence_pattern,fuzzy,复购率\d+(\.\d+)?%,false,false,zh-CN,高,已审核,
V000146,R-A07-004,服务超过XX万人,sentence_pattern,fuzzy,服务(超过|了)\d+万,false,false,zh-CN,高,已审核,
V000147,R-A07-004,X市排名第一,sentence_pattern,fuzzy,".{2,4}排名第[一二三1-3]",false,false,zh-CN,高,已审核,
V000148,R-A07-005,CCTV推荐,keyword,exact,,false,true,zh-CN,高,已审核,
V000149,R-A07-005,央视报道,keyword,exact,,false,true,zh-CN,高,已审核,
V000150,R-A07-006,荣获XX大奖,sentence_pattern,fuzzy,"(荣获|获得|被评为)?.{0,10}(大奖|称号|示范)",false,false,zh-CN,高,已审核,
V000151,R-A07-006,XX级示范单位,sentence_pattern,fuzzy,,false,false,zh-CN,高,已审核,
V000152,R-A07-007,市场占有率第一,keyword,exact,,false,true,zh-CN,高,已审核,
V000153,R-A07-007,医美行业十强,keyword,exact,,false,true,zh-CN,高,已审核,
V000154,R-A07-008,99%客户推荐,sentence_pattern,fuzzy,"\d+(\.\d+)?%+.{0,6}(推荐|满意|好评)",false,false,zh-CN,高,已审核,
V000155,R-A07-008,满意度调查显示98%,sentence_pattern,fuzzy,"满意度.{0,5}\d+(\.\d+)?%",false,false,zh-CN,高,已审核,
V000156,R-A07-009,拥有X项国家专利,sentence_pattern,fuzzy,"\d+项.{0,6}专利",false,false,zh-CN,中,已审核,
V000157,R-A07-009,XX国原装进口,keyword,exact,,false,true,zh-CN,中,已审核,
V000158,R-A07-010,发表X篇SCI论文,sentence_pattern,fuzzy,"\d+篇.{0,6}(SCI|论文|核心)",false,false,zh-CN,中,已审核,
V000159,R-A07-010,参与X项国家标准制定,sentence_pattern,fuzzy,"\d+项.{0,6}(国标|国家标准|行业标准)",false,false,zh-CN,中,已审核,
V000160,R-A05-003,第1天到第30天变化,sentence_pattern,fuzzy,,false,false,zh-CN,高,已审核,
V000161,R-A05-003,Day 7恢复记录,sentence_pattern,contains,,false,false,zh-CN,高,已审核,
V000162,R-A05-003,蜕变日记,keyword,exact,,false,true,zh-CN,高,已审核,
V000163,R-A05-004,效果视频,keyword,exact,,false,true,zh-CN,高,已审核,
V000164,R-A05-004,恢复全程视频,keyword,exact,,false,true,zh-CN,高,已审核,
V000165,R-A05-005,改善率95%,sentence_pattern,fuzzy,改善率\d+(\.\d+)?%,false,false,zh-CN,高,已审核,
V000166,R-A05-005,有效率XX%,sentence_pattern,fuzzy,有效率\d+(\.\d+)?%,false,false,zh-CN,高,已审核,
V000167,R-A05-006,你看人家做完的变化,sentence_pattern,contains,,false,false,zh-CN,中,已审核,
V000168,R-A05-006,对比一下你就知道了,keyword,exact,,false,true,zh-CN,中,已审核,
V000169,R-A05-007,素人医美体验分享,keyword,exact,,false,true,zh-CN,高,已审核,
V000170,R-A05-007,KOL医美亲测,keyword,contains,,false,false,zh-CN,高,已审核,
V000171,R-A05-007,医美日记打卡,keyword,exact,,false,true,zh-CN,高,已审核,
V000172,R-A06-003,冒用执业证书,keyword,exact,,false,true,zh-CN,高,已审核,
V000173,R-A06-003,伪造职称,keyword,exact,,false,true,zh-CN,高,已审核,
V000174,R-A06-004,XX学会会长,sentence_pattern,fuzzy,".{2,6}学会.{0,5}(会长|理事|委员)",false,false,zh-CN,高,已审核,
V000175,R-A06-004,学科带头人,keyword,exact,,false,true,zh-CN,高,已审核,
V000176,R-A06-004,XX大学特聘教授,sentence_pattern,fuzzy,,false,false,zh-CN,高,已审核,
V000177,R-A06-005,专家推荐,keyword,exact,,false,true,zh-CN,高,已审核,
V000178,R-A06-005,资深美容师诊断,keyword,exact,,false,true,zh-CN,高,已审核,
V000179,R-A06-006,展示过期认证证书,keyword,exact,,false,true,zh-CN,高,已审核,
V000180,R-A06-006,已注销执业许可证,keyword,exact,,false,true,zh-CN,高,已审核,
V000181,R-A06-007,与XX医院战略合作,sentence_pattern,fuzzy,"与.{2,10}(医院|大学|研究所)+.{0,5}(合作|战略|联合|附属)",false,false,zh-CN,高,已审核,
V000182,R-A06-007,XX大学附属医院,sentence_pattern,fuzzy,".{2,6}大学.{0,3}附属.{0,5}医院",false,false,zh-CN,高,已审核,
V000183,R-A10-002,线上面诊,keyword,exact,,false,true,zh-CN,高,已审核,
V000184,R-A10-002,远程诊断,keyword,exact,,false,true,zh-CN,高,已审核,
V000185,R-A10-003,脸上有斑的姐妹做XX,sentence_pattern,fuzzy,"脸上有.{1,6}的.{0,6}(姐妹|朋友|人).{0,5}做",false,false,zh-CN,高,已审核,
V000186,R-A10-003,毛孔粗大就做XX,sentence_pattern,fuzzy,"(毛孔|法令纹|黑眼圈|松弛|斑点).{0,3}(就|适合|应该).{0,3}做",false,false,zh-CN,高,已审核,
V000187,R-A10-003,法令纹深适合XX,sentence_pattern,fuzzy,,false,false,zh-CN,高,已审核,
V000188,R-A10-004,AI智能面诊,keyword,exact,,false,true,zh-CN,中,已审核,
V000189,R-A10-004,算法推荐治疗方案,keyword,exact,,false,true,zh-CN,中,已审核,
V000190,R-A10-005,一定要做XX,sentence_pattern,fuzzy,"(一定要|必须做|不做会).{0,10}(越来越|恶化|更严重)",false,false,zh-CN,高,已审核,
V000191,R-A10-005,不做会越来越严重,keyword,exact,,false,true,zh-CN,高,已审核,
V000192,R-A10-006,症状对照表,keyword,exact,,false,true,zh-CN,高,已审核,
V000193,R-A10-006,项目速查表,keyword,exact,,false,true,zh-CN,高,已审核,
V000194,R-A11-002,处方药广告未标警示,keyword,exact,,false,true,zh-CN,高,已审核,
V000195,R-A11-003,医美级修复面膜,keyword,exact,,false,true,zh-CN,高,已审核,
V000196,R-A11-003,替代激光治疗的精华,keyword,exact,,false,true,zh-CN,高,已审核,
V000197,R-A11-003,媲美水光针效果,keyword,exact,,false,true,zh-CN,高,已审核,
V000198,R-A11-004,海外最新上市,keyword,exact,,false,true,zh-CN,高,已审核,
V000199,R-A11-004,XX国最新器械,sentence_pattern,fuzzy,,false,false,zh-CN,高,已审核,
V000200,R-A11-005,工业级冒充医用级,keyword,exact,,false,true,zh-CN,高,已审核,
V000201,R-A11-005,成分标注与注册证不符,keyword,exact,,false,true,zh-CN,高,已审核,
V000202,R-A11-006,鼻部精雕护理,keyword,exact,,false,true,zh-CN,中,已审核,实际为隆鼻手术
V000203,R-A11-006,体态管理塑形,keyword,exact,,false,true,zh-CN,中,已审核,实际为吸脂手术
V000204,R-A11-007,奥美定取出修复,keyword,exact,,false,true,zh-CN,高,已审核,
V000205,R-A11-007,液态硅胶注射,keyword,exact,,false,true,zh-CN,高,已审核,
V000206,R-A12-002,XX教授推荐本院,sentence_pattern,fuzzy,".{2,6}(教授|医生|专家|主任).{0,5}(推荐|认证|代言)",false,false,zh-CN,高,已审核,
V000207,R-A12-002,XX医生认证机构,sentence_pattern,fuzzy,,false,false,zh-CN,高,已审核,
V000208,R-A12-003,网红体验分享未标注广告,keyword,exact,,false,true,zh-CN,高,已审核,
V000209,R-A12-003,KOL推荐医美项目,keyword,exact,,false,true,zh-CN,高,已审核,
V000210,R-A12-004,刷好评,keyword,exact,,false,true,zh-CN,中,已审核,
V000211,R-A12-004,删差评,keyword,exact,,false,true,zh-CN,中,已审核,
V000212,R-A12-005,别去XX医院,sentence_pattern,fuzzy,"(别去|千万别去|不要去).{0,10}(医院|机构|诊所)",false,false,zh-CN,高,已审核,
V000213,R-A12-005,XX机构坑人,sentence_pattern,fuzzy,".{2,8}(机构|医院).{0,3}(坑|不行|差|后悔)",false,false,zh-CN,高,已审核,
V000214,R-A12-006,明星推荐限时特价,keyword,exact,,false,true,zh-CN,高,已审核,
V000215,R-A12-006,专家推荐最后一天,keyword,exact,,false,true,zh-CN,高,已审核,
V000216,R-A13-001,量子医美,keyword,exact,,false,true,zh-CN,高,已审核,
V000217,R-A13-001,纳米级修复,keyword,exact,,false,true,zh-CN,高,已审核,
V000218,R-A13-001,DNA级再生,keyword,exact,,false,true,zh-CN,高,已审核,
V000219,R-A13-001,细胞级重塑,keyword,exact,,false,true,zh-CN,高,已审核,
V000220,R-A13-002,经络疏通消除皱纹,keyword,exact,,false,true,zh-CN,高,已审核,
V000221,R-A13-002,穴位注射塑形,keyword,exact,,false,true,zh-CN,高,已审核,
V000222,R-A13-003,激活休眠细胞,keyword,exact,,false,true,zh-CN,高,已审核,
V000223,R-A13-003,打开皮肤吸收通道,keyword,exact,,false,true,zh-CN,高,已审核,
V000224,R-A13-003,修复DNA断裂,keyword,exact,,false,true,zh-CN,高,已审核,
V000225,R-A13-003,重启细胞代谢引擎,keyword,exact,,false,true,zh-CN,高,已审核,
V000226,R-A13-004,磁场修复,keyword,exact,,false,true,zh-CN,高,已审核,
V000227,R-A13-004,能量激活,keyword,exact,,false,true,zh-CN,高,已审核,
V000228,R-A13-004,频率共振美白,keyword,exact,,false,true,zh-CN,高,已审核,
V000229,R-A13-005,XX大学研究证实,sentence_pattern,fuzzy,".{2,6}(大学|机构).{0,5}(研究证实|研究表明|论文证实)",false,false,zh-CN,高,已审核,
V000230,R-A13-005,发表于Nature的论文,sentence_pattern,fuzzy,,false,false,zh-CN,高,已审核,
V000231,R-A13-006,祖传秘方,keyword,exact,,false,true,zh-CN,高,已审核,
V000232,R-A13-006,独家偏方,keyword,exact,,false,true,zh-CN,高,已审核,
V000233,R-A13-006,宫廷秘方,keyword,exact,,false,true,zh-CN,高,已审核,
V000234,R-A13-006,古法美容,keyword,exact,,false,true,zh-CN,高,已审核,
V100001,R-A08-101,原价,keyword,contains,,false,false,zh-CN,中,待法务复核,v1.2覆盖补充；需结合平台和上下文
V100002,R-A08-101,门市价,keyword,contains,,false,false,zh-CN,中,待法务复核,v1.2覆盖补充；需结合平台和上下文
V100003,R-A08-101,划线价,keyword,contains,,false,false,zh-CN,中,待法务复核,v1.2覆盖补充；需结合平台和上下文
V100004,R-A08-101,日常价,keyword,contains,,false,false,zh-CN,中,待法务复核,v1.2覆盖补充；需结合平台和上下文
V100005,R-A08-101,原价￥,number_symbol_variant,regex,原价\s*[¥￥]?\s*\d+(?:\.\d+)?,false,false,zh-CN,高,待法务复核,v1.2覆盖补充；需结合平台和上下文
V100006,R-A08-101,原价¥,number_symbol_variant,regex,原价\s*[¥￥]?\s*\d+(?:\.\d+)?,false,false,zh-CN,高,待法务复核,v1.2覆盖补充；需结合平台和上下文
V100007,R-A08-101,立省,keyword,contains,,false,false,zh-CN,中,待法务复核,v1.2覆盖补充；需结合平台和上下文
V100008,R-A08-101,直降,keyword,contains,,false,false,zh-CN,中,待法务复核,v1.2覆盖补充；需结合平台和上下文
V100009,R-A08-102,低至,keyword,contains,,false,false,zh-CN,中,待法务复核,v1.2覆盖补充；需结合平台和上下文
V100010,R-A08-102,仅需,keyword,contains,,false,false,zh-CN,中,待法务复核,v1.2覆盖补充；需结合平台和上下文
V100011,R-A08-102,到店另付,keyword,contains,,false,false,zh-CN,高,待法务复核,v1.2覆盖补充；需结合平台和上下文
V100012,R-A08-102,材料费另计,sentence_pattern,contains,,false,false,zh-CN,高,待法务复核,v1.2覆盖补充；需结合平台和上下文
V100013,R-A08-102,麻醉费另收,sentence_pattern,contains,,false,false,zh-CN,高,待法务复核,v1.2覆盖补充；需结合平台和上下文
V100014,R-A08-102,耗材另算,keyword,contains,,false,false,zh-CN,高,待法务复核,v1.2覆盖补充；需结合平台和上下文
V100015,R-A08-102,必须升级,keyword,contains,,false,false,zh-CN,高,待法务复核,v1.2覆盖补充；需结合平台和上下文
V100016,R-A08-102,基础价,keyword,contains,,false,false,zh-CN,中,待法务复核,v1.2覆盖补充；需结合平台和上下文
V100017,R-A08-103,免费体验,keyword,contains,,false,false,zh-CN,高,待法务复核,v1.2覆盖补充；需结合平台和上下文
V100018,R-A08-103,免费治疗,keyword,contains,,false,false,zh-CN,高,待法务复核,v1.2覆盖补充；需结合平台和上下文
V100019,R-A08-103,0元体验,keyword,contains,,false,false,zh-CN,高,待法务复核,v1.2覆盖补充；需结合平台和上下文
V100020,R-A08-103,免费面诊,keyword,contains,,false,false,zh-CN,高,待法务复核,v1.2覆盖补充；需结合平台和上下文
V100021,R-A08-103,免费设计,keyword,contains,,false,false,zh-CN,高,待法务复核,v1.2覆盖补充；需结合平台和上下文
V100022,R-A08-103,免费送,keyword,contains,,false,false,zh-CN,中,待法务复核,v1.2覆盖补充；需结合平台和上下文
V100023,R-A08-103,0元做,keyword,contains,,false,false,zh-CN,中,待法务复核,v1.2覆盖补充；需结合平台和上下文
V100024,R-A08-103,免费名额,keyword,contains,,false,false,zh-CN,高,待法务复核,v1.2覆盖补充；需结合平台和上下文
V100025,R-A08-104,最后一天,keyword,contains,,false,false,zh-CN,高,待法务复核,v1.2覆盖补充；需结合平台和上下文
V100026,R-A08-104,仅剩1个名额,sentence_pattern,regex,仅剩\s*(?:\d+|[一二三四五六七八九十]+)\s*(?:个)?名额,false,false,zh-CN,高,待法务复核,v1.2覆盖补充；需结合平台和上下文
V100027,R-A08-104,仅剩三个名额,sentence_pattern,regex,仅剩\s*(?:\d+|[一二三四五六七八九十]+)\s*(?:个)?名额,false,false,zh-CN,高,待法务复核,v1.2覆盖补充；需结合平台和上下文
V100028,R-A08-104,错过不再,keyword,contains,,false,false,zh-CN,高,待法务复核,v1.2覆盖补充；需结合平台和上下文
V100029,R-A08-104,抢完即止,keyword,contains,,false,false,zh-CN,高,待法务复核,v1.2覆盖补充；需结合平台和上下文
V100030,R-A08-104,限量秒杀,keyword,contains,,false,false,zh-CN,高,待法务复核,v1.2覆盖补充；需结合平台和上下文
V100031,R-A08-104,倒计时,keyword,contains,,false,false,zh-CN,中,待法务复核,v1.2覆盖补充；需结合平台和上下文
V100032,R-A08-104,仅限今天,keyword,contains,,false,false,zh-CN,高,待法务复核,v1.2覆盖补充；需结合平台和上下文
V100033,R-A08-105,交定金,keyword,contains,,false,false,zh-CN,中,待法务复核,v1.2覆盖补充；需结合平台和上下文
V100034,R-A08-105,预约金,keyword,contains,,false,false,zh-CN,中,待法务复核,v1.2覆盖补充；需结合平台和上下文
V100035,R-A08-105,锁价,keyword,contains,,false,false,zh-CN,中,待法务复核,v1.2覆盖补充；需结合平台和上下文
V100036,R-A08-105,占位费,keyword,contains,,false,false,zh-CN,中,待法务复核,v1.2覆盖补充；需结合平台和上下文
V100037,R-A08-105,订金不退,keyword,contains,,false,false,zh-CN,高,待法务复核,v1.2覆盖补充；需结合平台和上下文
V100038,R-A08-105,定金不退,keyword,contains,,false,false,zh-CN,高,待法务复核,v1.2覆盖补充；需结合平台和上下文
V100039,R-A08-105,过期作废,keyword,contains,,false,false,zh-CN,高,待法务复核,v1.2覆盖补充；需结合平台和上下文
V100040,R-A08-105,先付再说,keyword,contains,,false,false,zh-CN,高,待法务复核,v1.2覆盖补充；需结合平台和上下文
V100041,R-A08-106,医美贷,keyword,contains,,false,false,zh-CN,中,待法务复核,v1.2覆盖补充；需结合平台和上下文
V100042,R-A08-106,美容贷,keyword,contains,,false,false,zh-CN,中,待法务复核,v1.2覆盖补充；需结合平台和上下文
V100043,R-A08-106,零首付,keyword,contains,,false,false,zh-CN,中,待法务复核,v1.2覆盖补充；需结合平台和上下文
V100044,R-A08-106,0首付,keyword,contains,,false,false,zh-CN,中,待法务复核,v1.2覆盖补充；需结合平台和上下文
V100045,R-A08-106,月供只要,sentence_pattern,regex,月供(?:仅|只)?(?:需|要)?\s*[¥￥]?\s*\d+,false,false,zh-CN,高,待法务复核,v1.2覆盖补充；需结合平台和上下文
V100046,R-A08-106,每天只需,sentence_pattern,regex,每天(?:仅|只)?(?:需|要)?\s*[¥￥]?\s*\d+,false,false,zh-CN,高,待法务复核,v1.2覆盖补充；需结合平台和上下文
V100047,R-A08-106,无压力分期,sentence_pattern,contains,,false,false,zh-CN,高,待法务复核,v1.2覆盖补充；需结合平台和上下文
V100048,R-A08-106,轻松变美,keyword,contains,,false,false,zh-CN,高,待法务复核,v1.2覆盖补充；需结合平台和上下文
V100049,R-A08-107,价值999元,number_symbol_variant,regex,价值\s*[¥￥]?\s*\d+(?:\.\d+)?\s*元?,false,false,zh-CN,高,待法务复核,v1.2覆盖补充；需结合平台和上下文
V100050,R-A08-107,价值千元,keyword,contains,,false,false,zh-CN,高,待法务复核,v1.2覆盖补充；需结合平台和上下文
V100051,R-A08-107,免费送,keyword,contains,,false,false,zh-CN,中,待法务复核,v1.2覆盖补充；需结合平台和上下文
V100052,R-A08-107,买一送一,keyword,contains,,false,false,zh-CN,高,待法务复核,v1.2覆盖补充；需结合平台和上下文
V100053,R-A08-107,豪华礼包,keyword,contains,,false,false,zh-CN,高,待法务复核,v1.2覆盖补充；需结合平台和上下文
V100054,R-A08-107,加赠,keyword,contains,,false,false,zh-CN,中,待法务复核,v1.2覆盖补充；需结合平台和上下文
V100055,R-A08-107,到店礼,keyword,contains,,false,false,zh-CN,中,待法务复核,v1.2覆盖补充；需结合平台和上下文
V100056,R-A08-107,预约礼,keyword,contains,,false,false,zh-CN,中,待法务复核,v1.2覆盖补充；需结合平台和上下文
V100057,R-A08-108,必须搭配,keyword,contains,,false,false,zh-CN,高,待法务复核,v1.2覆盖补充；需结合平台和上下文
V100058,R-A08-108,必须升级,keyword,contains,,false,false,zh-CN,高,待法务复核,v1.2覆盖补充；需结合平台和上下文
V100059,R-A08-108,不升级没效果,sentence_pattern,contains,,false,false,zh-CN,高,待法务复核,v1.2覆盖补充；需结合平台和上下文
V100060,R-A08-108,基础版不能做,sentence_pattern,contains,,false,false,zh-CN,高,待法务复核,v1.2覆盖补充；需结合平台和上下文
V100061,R-A08-108,必须加购,keyword,contains,,false,false,zh-CN,高,待法务复核,v1.2覆盖补充；需结合平台和上下文
V100062,R-A08-108,套餐才有效,sentence_pattern,contains,,false,false,zh-CN,高,待法务复核,v1.2覆盖补充；需结合平台和上下文
V100063,R-A08-108,只能买套餐,sentence_pattern,contains,,false,false,zh-CN,高,待法务复核,v1.2覆盖补充；需结合平台和上下文
V100064,R-A08-108,到店升级,keyword,contains,,false,false,zh-CN,高,待法务复核,v1.2覆盖补充；需结合平台和上下文
V100065,R-A08-109,比别家便宜,sentence_pattern,contains,,false,false,zh-CN,高,待法务复核,v1.2覆盖补充；需结合平台和上下文
V100066,R-A08-109,全城最低价,sentence_pattern,contains,,false,false,zh-CN,高,待法务复核,v1.2覆盖补充；需结合平台和上下文
V100067,R-A08-109,行业最低价,sentence_pattern,contains,,false,false,zh-CN,高,待法务复核,v1.2覆盖补充；需结合平台和上下文
V100068,R-A08-109,同项目最低,sentence_pattern,contains,,false,false,zh-CN,高,待法务复核,v1.2覆盖补充；需结合平台和上下文
V100069,R-A08-109,价格碾压,keyword,contains,,false,false,zh-CN,高,待法务复核,v1.2覆盖补充；需结合平台和上下文
V100070,R-A08-109,全网最低,keyword,contains,,false,false,zh-CN,高,待法务复核,v1.2覆盖补充；需结合平台和上下文
V100071,R-A08-109,最低价保证,sentence_pattern,contains,,false,false,zh-CN,高,待法务复核,v1.2覆盖补充；需结合平台和上下文
V100072,R-A08-109,没有更低,keyword,contains,,false,false,zh-CN,高,待法务复核,v1.2覆盖补充；需结合平台和上下文
V100073,R-A08-110,概不退款,keyword,contains,,false,false,zh-CN,高,待法务复核,v1.2覆盖补充；需结合平台和上下文
V100074,R-A08-110,不退不换,keyword,contains,,false,false,zh-CN,高,待法务复核,v1.2覆盖补充；需结合平台和上下文
V100075,R-A08-110,最终解释权,sentence_pattern,contains,,false,false,zh-CN,高,待法务复核,v1.2覆盖补充；需结合平台和上下文
V100076,R-A08-110,一经购买不退,sentence_pattern,contains,,false,false,zh-CN,高,待法务复核,v1.2覆盖补充；需结合平台和上下文
V100077,R-A08-110,任何情况不退,sentence_pattern,contains,,false,false,zh-CN,高,待法务复核,v1.2覆盖补充；需结合平台和上下文
V100078,R-A08-110,过期作废不退,sentence_pattern,contains,,false,false,zh-CN,高,待法务复核,v1.2覆盖补充；需结合平台和上下文
V100079,R-A08-110,售出概不负责,sentence_pattern,contains,,false,false,zh-CN,高,待法务复核,v1.2覆盖补充；需结合平台和上下文
V100080,R-A08-110,本店不承担,sentence_pattern,contains,,false,false,zh-CN,高,待法务复核,v1.2覆盖补充；需结合平台和上下文
V100081,R-A10-101,到店就能做,sentence_pattern,contains,,false,false,zh-CN,高,待法务复核,v1.2覆盖补充；需结合平台和上下文
V100082,R-A10-101,不用面诊,keyword,contains,,false,false,zh-CN,高,待法务复核,v1.2覆盖补充；需结合平台和上下文
V100083,R-A10-101,直接安排项目,sentence_pattern,contains,,false,false,zh-CN,高,待法务复核,v1.2覆盖补充；需结合平台和上下文
V100084,R-A10-101,人人都适合,sentence_pattern,contains,,false,false,zh-CN,高,待法务复核,v1.2覆盖补充；需结合平台和上下文
V100085,R-A10-101,来了就做,keyword,contains,,false,false,zh-CN,高,待法务复核,v1.2覆盖补充；需结合平台和上下文
V100086,R-A10-101,无需医生评估,sentence_pattern,contains,,false,false,zh-CN,高,待法务复核,v1.2覆盖补充；需结合平台和上下文
V100087,R-A10-101,当天直接做,sentence_pattern,contains,,false,false,zh-CN,高,待法务复核,v1.2覆盖补充；需结合平台和上下文
V100088,R-A10-101,肯定能做,keyword,contains,,false,false,zh-CN,高,待法务复核,v1.2覆盖补充；需结合平台和上下文
V100089,R-A10-102,没有禁忌,keyword,contains,,false,false,zh-CN,高,待法务复核,v1.2覆盖补充；需结合平台和上下文
V100090,R-A10-102,照片看没问题,sentence_pattern,contains,,false,false,zh-CN,高,待法务复核,v1.2覆盖补充；需结合平台和上下文
V100091,R-A10-102,这个情况能做,sentence_pattern,contains,,false,false,zh-CN,高,待法务复核,v1.2覆盖补充；需结合平台和上下文
V100092,R-A10-102,不用担心风险,sentence_pattern,contains,,false,false,zh-CN,高,待法务复核,v1.2覆盖补充；需结合平台和上下文
V100093,R-A10-102,肯定适合,keyword,contains,,false,false,zh-CN,高,待法务复核,v1.2覆盖补充；需结合平台和上下文
V100094,R-A10-102,可以放心做,sentence_pattern,contains,,false,false,zh-CN,高,待法务复核,v1.2覆盖补充；需结合平台和上下文
V100095,R-A10-102,不影响治疗,sentence_pattern,contains,,false,false,zh-CN,高,待法务复核,v1.2覆盖补充；需结合平台和上下文
V100096,R-A10-102,身体没问题,sentence_pattern,contains,,false,false,zh-CN,高,待法务复核,v1.2覆盖补充；需结合平台和上下文
V100097,R-A10-103,先停药,keyword,contains,,false,false,zh-CN,中,待法务复核,v1.2覆盖补充；需结合平台和上下文
V100098,R-A10-103,把药停了,keyword,contains,,false,false,zh-CN,高,待法务复核,v1.2覆盖补充；需结合平台和上下文
V100099,R-A10-103,减半吃,keyword,contains,,false,false,zh-CN,中,待法务复核,v1.2覆盖补充；需结合平台和上下文
V100100,R-A10-103,换成这个药,sentence_pattern,contains,,false,false,zh-CN,高,待法务复核,v1.2覆盖补充；需结合平台和上下文
V100101,R-A10-103,吃点消炎药,sentence_pattern,contains,,false,false,zh-CN,高,待法务复核,v1.2覆盖补充；需结合平台和上下文
V100102,R-A10-103,涂点药就行,sentence_pattern,contains,,false,false,zh-CN,高,待法务复核,v1.2覆盖补充；需结合平台和上下文
V100103,R-A10-103,自己买药,keyword,contains,,false,false,zh-CN,高,待法务复核,v1.2覆盖补充；需结合平台和上下文
V100104,R-A10-103,不用去医院,sentence_pattern,contains,,false,false,zh-CN,高,待法务复核,v1.2覆盖补充；需结合平台和上下文
V100105,R-A10-104,都是正常的,sentence_pattern,contains,,false,false,zh-CN,高,待法务复核,v1.2覆盖补充；需结合平台和上下文
V100106,R-A10-104,忍一忍就好,sentence_pattern,contains,,false,false,zh-CN,高,待法务复核,v1.2覆盖补充；需结合平台和上下文
V100107,R-A10-104,不用去医院,sentence_pattern,contains,,false,false,zh-CN,高,待法务复核,v1.2覆盖补充；需结合平台和上下文
V100108,R-A10-104,过几天就好了,sentence_pattern,contains,,false,false,zh-CN,高,待法务复核,v1.2覆盖补充；需结合平台和上下文
V100109,R-A10-104,别担心正常反应,sentence_pattern,contains,,false,false,zh-CN,高,待法务复核,v1.2覆盖补充；需结合平台和上下文
V100110,R-A10-104,不用联系医生,sentence_pattern,contains,,false,false,zh-CN,高,待法务复核,v1.2覆盖补充；需结合平台和上下文
V100111,R-A10-104,先观察几天,sentence_pattern,contains,,false,false,zh-CN,高,待法务复核,v1.2覆盖补充；需结合平台和上下文
V100112,R-A10-104,肯定没事,keyword,contains,,false,false,zh-CN,高,待法务复核,v1.2覆盖补充；需结合平台和上下文
V100113,R-A10-105,三天恢复,keyword,contains,,false,false,zh-CN,高,待法务复核,v1.2覆盖补充；需结合平台和上下文
V100114,R-A10-105,不影响工作,sentence_pattern,contains,,false,false,zh-CN,高,待法务复核,v1.2覆盖补充；需结合平台和上下文
V100115,R-A10-105,周一正常上班,sentence_pattern,contains,,false,false,zh-CN,高,待法务复核,v1.2覆盖补充；需结合平台和上下文
V100116,R-A10-105,不用休息,keyword,contains,,false,false,zh-CN,高,待法务复核,v1.2覆盖补充；需结合平台和上下文
V100117,R-A10-105,当天可上班,sentence_pattern,contains,,false,false,zh-CN,高,待法务复核,v1.2覆盖补充；需结合平台和上下文
V100118,R-A10-105,恢复很快,keyword,contains,,false,false,zh-CN,高,待法务复核,v1.2覆盖补充；需结合平台和上下文
V100119,R-A10-105,没有恢复期,sentence_pattern,contains,,false,false,zh-CN,高,待法务复核,v1.2覆盖补充；需结合平台和上下文
V100120,R-A10-105,午休就能做,sentence_pattern,contains,,false,false,zh-CN,高,待法务复核,v1.2覆盖补充；需结合平台和上下文
V100121,R-A10-106,最适合你的是,sentence_pattern,contains,,false,false,zh-CN,高,待法务复核,v1.2覆盖补充；需结合平台和上下文
V100122,R-A10-106,直接做这个,sentence_pattern,contains,,false,false,zh-CN,高,待法务复核,v1.2覆盖补充；需结合平台和上下文
V100123,R-A10-106,首选项目,keyword,contains,,false,false,zh-CN,高,待法务复核,v1.2覆盖补充；需结合平台和上下文
V100124,R-A10-106,你就做这个,sentence_pattern,contains,,false,false,zh-CN,高,待法务复核,v1.2覆盖补充；需结合平台和上下文
V100125,R-A10-106,不用考虑别的,sentence_pattern,contains,,false,false,zh-CN,高,待法务复核,v1.2覆盖补充；需结合平台和上下文
V100126,R-A10-106,这个最对症,sentence_pattern,contains,,false,false,zh-CN,高,待法务复核,v1.2覆盖补充；需结合平台和上下文
V100127,R-A10-106,肯定推荐,keyword,contains,,false,false,zh-CN,高,待法务复核,v1.2覆盖补充；需结合平台和上下文
V100128,R-A10-106,闭眼选,keyword,contains,,false,false,zh-CN,中,待法务复核,v1.2覆盖补充；需结合平台和上下文
V100129,R-A10-107,给你看案例,sentence_pattern,contains,,false,false,zh-CN,高,待法务复核,v1.2覆盖补充；需结合平台和上下文
V100130,R-A10-107,发你对比图,sentence_pattern,contains,,false,false,zh-CN,高,待法务复核,v1.2覆盖补充；需结合平台和上下文
V100131,R-A10-107,顾客效果图,sentence_pattern,contains,,false,false,zh-CN,高,待法务复核,v1.2覆盖补充；需结合平台和上下文
V100132,R-A10-107,真实术后反馈,sentence_pattern,contains,,false,false,zh-CN,高,待法务复核,v1.2覆盖补充；需结合平台和上下文
V100133,R-A10-107,客户做完照片,sentence_pattern,contains,,false,false,zh-CN,高,待法务复核,v1.2覆盖补充；需结合平台和上下文
V100134,R-A10-107,私发案例,keyword,contains,,false,false,zh-CN,高,待法务复核,v1.2覆盖补充；需结合平台和上下文
V100135,R-A10-107,案例很多,keyword,contains,,false,false,zh-CN,高,待法务复核,v1.2覆盖补充；需结合平台和上下文
V100136,R-A10-107,看前后变化,sentence_pattern,contains,,false,false,zh-CN,高,待法务复核,v1.2覆盖补充；需结合平台和上下文
V100137,R-A10-108,转群里看看,sentence_pattern,contains,,false,false,zh-CN,高,待法务复核,v1.2覆盖补充；需结合平台和上下文
V100138,R-A10-108,发给大家判断,sentence_pattern,contains,,false,false,zh-CN,高,待法务复核,v1.2覆盖补充；需结合平台和上下文
V100139,R-A10-108,晒聊天记录,sentence_pattern,contains,,false,false,zh-CN,高,待法务复核,v1.2覆盖补充；需结合平台和上下文
V100140,R-A10-108,病例分享,keyword,contains,,false,false,zh-CN,高,待法务复核,v1.2覆盖补充；需结合平台和上下文
V100141,R-A10-108,客户照片群里看,sentence_pattern,contains,,false,false,zh-CN,高,待法务复核,v1.2覆盖补充；需结合平台和上下文
V100142,R-A10-108,让同事都看看,sentence_pattern,contains,,false,false,zh-CN,高,待法务复核,v1.2覆盖补充；需结合平台和上下文
V100143,R-A10-108,群里会诊,keyword,contains,,false,false,zh-CN,高,待法务复核,v1.2覆盖补充；需结合平台和上下文
V100144,R-A10-108,转发病历,keyword,contains,,false,false,zh-CN,高,待法务复核,v1.2覆盖补充；需结合平台和上下文
V100145,R-A10-109,我是医生,keyword,contains,,false,false,zh-CN,高,待法务复核,v1.2覆盖补充；需结合平台和上下文
V100146,R-A10-109,专家建议你,sentence_pattern,contains,,false,false,zh-CN,高,待法务复核,v1.2覆盖补充；需结合平台和上下文
V100147,R-A10-109,老师看过了,sentence_pattern,contains,,false,false,zh-CN,高,待法务复核,v1.2覆盖补充；需结合平台和上下文
V100148,R-A10-109,我们专业判断,sentence_pattern,contains,,false,false,zh-CN,高,待法务复核,v1.2覆盖补充；需结合平台和上下文
V100149,R-A10-109,作为医学专家,sentence_pattern,contains,,false,false,zh-CN,高,待法务复核,v1.2覆盖补充；需结合平台和上下文
V100150,R-A10-109,医生说肯定,sentence_pattern,contains,,false,false,zh-CN,高,待法务复核,v1.2覆盖补充；需结合平台和上下文
V100151,R-A10-109,专业给你诊断,sentence_pattern,contains,,false,false,zh-CN,高,待法务复核,v1.2覆盖补充；需结合平台和上下文
V100152,R-A10-109,内部医生结论,sentence_pattern,contains,,false,false,zh-CN,高,待法务复核,v1.2覆盖补充；需结合平台和上下文
V100153,R-A10-110,孕妇也能做,sentence_pattern,contains,,false,false,zh-CN,高,待法务复核,v1.2覆盖补充；需结合平台和上下文
V100154,R-A10-110,哺乳期放心做,sentence_pattern,contains,,false,false,zh-CN,高,待法务复核,v1.2覆盖补充；需结合平台和上下文
V100155,R-A10-110,备孕可以做,sentence_pattern,contains,,false,false,zh-CN,高,待法务复核,v1.2覆盖补充；需结合平台和上下文
V100156,R-A10-110,未成年也可以,sentence_pattern,contains,,false,false,zh-CN,高,待法务复核,v1.2覆盖补充；需结合平台和上下文
V100157,R-A10-110,敏感体质安全,sentence_pattern,contains,,false,false,zh-CN,高,待法务复核,v1.2覆盖补充；需结合平台和上下文
V100158,R-A10-110,过敏体质没问题,sentence_pattern,contains,,false,false,zh-CN,高,待法务复核,v1.2覆盖补充；需结合平台和上下文
V100159,R-A10-110,学生也适合,sentence_pattern,contains,,false,false,zh-CN,高,待法务复核,v1.2覆盖补充；需结合平台和上下文
V100160,R-A10-110,任何年龄都能做,sentence_pattern,contains,,false,false,zh-CN,高,待法务复核,v1.2覆盖补充；需结合平台和上下文
V100161,R-A14-101,小红书医美种草,sentence_pattern,contains,,false,false,zh-CN,高,待法务复核,v1.2覆盖补充；需结合平台和上下文
V100162,R-A14-101,医美笔记,keyword,contains,,false,false,zh-CN,高,待法务复核,v1.2覆盖补充；需结合平台和上下文
V100163,R-A14-101,项目推荐,keyword,contains,,false,false,zh-CN,高,待法务复核,v1.2覆盖补充；需结合平台和上下文
V100164,R-A14-101,到店预约,keyword,contains,,false,false,zh-CN,高,待法务复核,v1.2覆盖补充；需结合平台和上下文
V100165,R-A14-101,私信咨询,keyword,contains,,false,false,zh-CN,高,待法务复核,v1.2覆盖补充；需结合平台和上下文
V100166,R-A14-101,薯店预约,keyword,contains,,false,false,zh-CN,高,待法务复核,v1.2覆盖补充；需结合平台和上下文
V100167,R-A14-101,医美探店,keyword,contains,,false,false,zh-CN,高,待法务复核,v1.2覆盖补充；需结合平台和上下文
V100168,R-A14-101,真实体验,keyword,contains,,false,false,zh-CN,高,待法务复核,v1.2覆盖补充；需结合平台和上下文
V100169,R-A14-102,受邀体验,keyword,contains,,false,false,zh-CN,高,待法务复核,v1.2覆盖补充；需结合平台和上下文
V100170,R-A14-102,免费给我做,sentence_pattern,contains,,false,false,zh-CN,高,待法务复核,v1.2覆盖补充；需结合平台和上下文
V100171,R-A14-102,机构邀请,keyword,contains,,false,false,zh-CN,高,待法务复核,v1.2覆盖补充；需结合平台和上下文
V100172,R-A14-102,置换体验,keyword,contains,,false,false,zh-CN,高,待法务复核,v1.2覆盖补充；需结合平台和上下文
V100173,R-A14-102,没有恰饭,keyword,contains,,false,false,zh-CN,高,待法务复核,v1.2覆盖补充；需结合平台和上下文
V100174,R-A14-102,自来水推荐,sentence_pattern,contains,,false,false,zh-CN,高,待法务复核,v1.2覆盖补充；需结合平台和上下文
V100175,R-A14-102,真实自费,keyword,contains,,false,false,zh-CN,高,待法务复核,v1.2覆盖补充；需结合平台和上下文
V100176,R-A14-102,纯分享,keyword,contains,,false,false,zh-CN,中,待法务复核,v1.2覆盖补充；需结合平台和上下文
V100177,R-A14-103,加V,keyword,contains,,false,false,zh-CN,中,待法务复核,v1.2覆盖补充；需结合平台和上下文
V100178,R-A14-103,加v信,keyword,contains,,false,false,zh-CN,中,待法务复核,v1.2覆盖补充；需结合平台和上下文
V100179,R-A14-103,薇信,keyword,contains,,false,false,zh-CN,中,待法务复核,v1.2覆盖补充；需结合平台和上下文
V100180,R-A14-103,V：,number_symbol_variant,regex,"(?i)\b(?:v|vx|wx|weixin)\s*[:：]?\s*[a-z0-9_-]{4,}",false,false,zh-CN,高,待法务复核,v1.2覆盖补充；需结合平台和上下文
V100181,R-A14-103,看主页,keyword,contains,,false,false,zh-CN,中,待法务复核,v1.2覆盖补充；需结合平台和上下文
V100182,R-A14-103,评论区扣1,sentence_pattern,contains,,false,false,zh-CN,高,待法务复核,v1.2覆盖补充；需结合平台和上下文
V100183,R-A14-103,私我地址,keyword,contains,,false,false,zh-CN,高,待法务复核,v1.2覆盖补充；需结合平台和上下文
V100184,R-A14-103,扫码预约,keyword,contains,,false,false,zh-CN,高,待法务复核,v1.2覆盖补充；需结合平台和上下文
V100185,R-A14-104,XX医生,keyword,contains,,false,false,zh-CN,高,待法务复核,v1.2覆盖补充；需结合平台和上下文
V100186,R-A14-104,XX博士,keyword,contains,,false,false,zh-CN,高,待法务复核,v1.2覆盖补充；需结合平台和上下文
V100187,R-A14-104,XX主任,keyword,contains,,false,false,zh-CN,高,待法务复核,v1.2覆盖补充；需结合平台和上下文
V100188,R-A14-104,XX专家,keyword,contains,,false,false,zh-CN,高,待法务复核,v1.2覆盖补充；需结合平台和上下文
V100189,R-A14-104,XX医美老师,sentence_pattern,contains,,false,false,zh-CN,高,待法务复核,v1.2覆盖补充；需结合平台和上下文
V100190,R-A14-104,院长个人号,sentence_pattern,contains,,false,false,zh-CN,高,待法务复核,v1.2覆盖补充；需结合平台和上下文
V100191,R-A14-104,主刀医生号,sentence_pattern,contains,,false,false,zh-CN,高,待法务复核,v1.2覆盖补充；需结合平台和上下文
V100192,R-A14-104,医生IP,keyword,contains,,false,false,zh-CN,高,待法务复核,v1.2覆盖补充；需结合平台和上下文
V100193,R-A14-105,医美项目团购,sentence_pattern,contains,,false,false,zh-CN,高,待法务复核,v1.2覆盖补充；需结合平台和上下文
V100194,R-A14-105,医美直播间,sentence_pattern,contains,,false,false,zh-CN,高,待法务复核,v1.2覆盖补充；需结合平台和上下文
V100195,R-A14-105,注射项目下单,sentence_pattern,contains,,false,false,zh-CN,高,待法务复核,v1.2覆盖补充；需结合平台和上下文
V100196,R-A14-105,医疗器械带货,sentence_pattern,contains,,false,false,zh-CN,高,待法务复核,v1.2覆盖补充；需结合平台和上下文
V100197,R-A14-105,医美套餐链接,sentence_pattern,contains,,false,false,zh-CN,高,待法务复核,v1.2覆盖补充；需结合平台和上下文
V100198,R-A14-105,到店核销,keyword,contains,,false,false,zh-CN,高,待法务复核,v1.2覆盖补充；需结合平台和上下文
V100199,R-A14-105,医美商品橱窗,sentence_pattern,contains,,false,false,zh-CN,高,待法务复核,v1.2覆盖补充；需结合平台和上下文
V100200,R-A14-105,线上卖项目,sentence_pattern,contains,,false,false,zh-CN,高,待法务复核,v1.2覆盖补充；需结合平台和上下文
V100201,R-A14-106,直播看脸,keyword,contains,,false,false,zh-CN,高,待法务复核,v1.2覆盖补充；需结合平台和上下文
V100202,R-A14-106,连麦诊断,keyword,contains,,false,false,zh-CN,高,待法务复核,v1.2覆盖补充；需结合平台和上下文
V100203,R-A14-106,你适合做,keyword,contains,,false,false,zh-CN,高,待法务复核,v1.2覆盖补充；需结合平台和上下文
V100204,R-A14-106,评论区发照片,sentence_pattern,contains,,false,false,zh-CN,高,待法务复核,v1.2覆盖补充；需结合平台和上下文
V100205,R-A14-106,现场推荐项目,sentence_pattern,contains,,false,false,zh-CN,高,待法务复核,v1.2覆盖补充；需结合平台和上下文
V100206,R-A14-106,几次就见效,sentence_pattern,contains,,false,false,zh-CN,高,待法务复核,v1.2覆盖补充；需结合平台和上下文
V100207,R-A14-106,直播间下单,sentence_pattern,contains,,false,false,zh-CN,高,待法务复核,v1.2覆盖补充；需结合平台和上下文
V100208,R-A14-106,医生在线判断,sentence_pattern,contains,,false,false,zh-CN,高,待法务复核,v1.2覆盖补充；需结合平台和上下文
V100209,R-A14-107,评论扣1,keyword,contains,,false,false,zh-CN,高,待法务复核,v1.2覆盖补充；需结合平台和上下文
V100210,R-A14-107,看主页,keyword,contains,,false,false,zh-CN,中,待法务复核,v1.2覆盖补充；需结合平台和上下文
V100211,R-A14-107,私信地址,keyword,contains,,false,false,zh-CN,高,待法务复核,v1.2覆盖补充；需结合平台和上下文
V100212,R-A14-107,加微,keyword,contains,,false,false,zh-CN,中,待法务复核,v1.2覆盖补充；需结合平台和上下文
V100213,R-A14-107,VX,number_symbol_variant,regex,"(?i)\b(?:v|vx|wx|weixin)\s*[:：]?\s*[a-z0-9_-]{4,}",false,false,zh-CN,高,待法务复核,v1.2覆盖补充；需结合平台和上下文
V100214,R-A14-107,电话倒着念,semantic_variant,regex,"(?:电话|手机号).{0,8}(?:倒着|反着|倒序)",false,false,zh-CN,高,待法务复核,v1.2覆盖补充；需结合平台和上下文
V100215,R-A14-107,主页有方式,sentence_pattern,contains,,false,false,zh-CN,高,待法务复核,v1.2覆盖补充；需结合平台和上下文
V100216,R-A14-107,线下直接付,sentence_pattern,contains,,false,false,zh-CN,高,待法务复核,v1.2覆盖补充；需结合平台和上下文
V100217,R-A14-108,瘦脸真,keyword,contains,,false,false,zh-CN,中,待法务复核,v1.2覆盖补充；需结合平台和上下文
V100218,R-A14-108,bo尿酸,keyword,contains,,false,false,zh-CN,高,待法务复核,v1.2覆盖补充；需结合平台和上下文
V100219,R-A14-108,热·玛·吉,sentence_pattern,contains,,false,false,zh-CN,高,待法务复核,v1.2覆盖补充；需结合平台和上下文
V100220,R-A14-108,医mei,keyword,contains,,false,false,zh-CN,高,待法务复核,v1.2覆盖补充；需结合平台和上下文
V100221,R-A14-108,整X,keyword,contains,,false,false,zh-CN,中,待法务复核,v1.2覆盖补充；需结合平台和上下文
V100222,R-A14-108,z针,keyword,contains,,false,false,zh-CN,中,待法务复核,v1.2覆盖补充；需结合平台和上下文
V100223,R-A14-108,光子nen肤,sentence_pattern,contains,,false,false,zh-CN,高,待法务复核,v1.2覆盖补充；需结合平台和上下文
V100224,R-A14-108,项目暗号,keyword,contains,,false,false,zh-CN,高,待法务复核,v1.2覆盖补充；需结合平台和上下文
V100225,R-A14-109,朋友们来找我,sentence_pattern,contains,,false,false,zh-CN,高,待法务复核,v1.2覆盖补充；需结合平台和上下文
V100226,R-A14-109,内部员工价,sentence_pattern,contains,,false,false,zh-CN,高,待法务复核,v1.2覆盖补充；需结合平台和上下文
V100227,R-A14-109,私聊预约,keyword,contains,,false,false,zh-CN,高,待法务复核,v1.2覆盖补充；需结合平台和上下文
V100228,R-A14-109,我家项目,keyword,contains,,false,false,zh-CN,高,待法务复核,v1.2覆盖补充；需结合平台和上下文
V100229,R-A14-109,院里活动,keyword,contains,,false,false,zh-CN,高,待法务复核,v1.2覆盖补充；需结合平台和上下文
V100230,R-A14-109,朋友圈专享,sentence_pattern,contains,,false,false,zh-CN,高,待法务复核,v1.2覆盖补充；需结合平台和上下文
V100231,R-A14-109,想做的找我,sentence_pattern,contains,,false,false,zh-CN,高,待法务复核,v1.2覆盖补充；需结合平台和上下文
V100232,R-A14-109,员工福利价,sentence_pattern,contains,,false,false,zh-CN,高,待法务复核,v1.2覆盖补充；需结合平台和上下文
V100233,R-A14-110,科普福利,keyword,contains,,false,false,zh-CN,高,待法务复核,v1.2覆盖补充；需结合平台和上下文
V100234,R-A14-110,文末预约,keyword,contains,,false,false,zh-CN,高,待法务复核,v1.2覆盖补充；需结合平台和上下文
V100235,R-A14-110,扫码面诊,keyword,contains,,false,false,zh-CN,高,待法务复核,v1.2覆盖补充；需结合平台和上下文
V100236,R-A14-110,点击咨询,keyword,contains,,false,false,zh-CN,高,待法务复核,v1.2覆盖补充；需结合平台和上下文
V100237,R-A14-110,专家预约入口,sentence_pattern,contains,,false,false,zh-CN,高,待法务复核,v1.2覆盖补充；需结合平台和上下文
V100238,R-A14-110,限时活动,keyword,contains,,false,false,zh-CN,高,待法务复核,v1.2覆盖补充；需结合平台和上下文
V100239,R-A14-110,阅读原文预约,sentence_pattern,contains,,false,false,zh-CN,高,待法务复核,v1.2覆盖补充；需结合平台和上下文
V100240,R-A14-110,文末二维码,sentence_pattern,contains,,false,false,zh-CN,高,待法务复核,v1.2覆盖补充；需结合平台和上下文
V100241,R-A14-111,视频号医美直播,sentence_pattern,contains,,false,false,zh-CN,高,待法务复核,v1.2覆盖补充；需结合平台和上下文
V100242,R-A14-111,直播挂项目,sentence_pattern,contains,,false,false,zh-CN,高,待法务复核,v1.2覆盖补充；需结合平台和上下文
V100243,R-A14-111,直播间预约,sentence_pattern,contains,,false,false,zh-CN,高,待法务复核,v1.2覆盖补充；需结合平台和上下文
V100244,R-A14-111,在线面诊,keyword,contains,,false,false,zh-CN,高,待法务复核,v1.2覆盖补充；需结合平台和上下文
V100245,R-A14-111,直播看脸,keyword,contains,,false,false,zh-CN,高,待法务复核,v1.2覆盖补充；需结合平台和上下文
V100246,R-A14-111,视频号团购,sentence_pattern,contains,,false,false,zh-CN,高,待法务复核,v1.2覆盖补充；需结合平台和上下文
V100247,R-A14-111,连麦推荐,keyword,contains,,false,false,zh-CN,高,待法务复核,v1.2覆盖补充；需结合平台和上下文
V100248,R-A14-111,直播展示案例,sentence_pattern,contains,,false,false,zh-CN,高,待法务复核,v1.2覆盖补充；需结合平台和上下文
V100249,R-A14-112,群里发案例,sentence_pattern,contains,,false,false,zh-CN,高,待法务复核,v1.2覆盖补充；需结合平台和上下文
V100250,R-A14-112,发照片我看看,sentence_pattern,contains,,false,false,zh-CN,高,待法务复核,v1.2覆盖补充；需结合平台和上下文
V100251,R-A14-112,群内诊断,keyword,contains,,false,false,zh-CN,高,待法务复核,v1.2覆盖补充；需结合平台和上下文
V100252,R-A14-112,今晚交定金,sentence_pattern,contains,,false,false,zh-CN,高,待法务复核,v1.2覆盖补充；需结合平台和上下文
V100253,R-A14-112,私发效果图,sentence_pattern,contains,,false,false,zh-CN,高,待法务复核,v1.2覆盖补充；需结合平台和上下文
V100254,R-A14-112,顾客反馈群,sentence_pattern,contains,,false,false,zh-CN,高,待法务复核,v1.2覆盖补充；需结合平台和上下文
V100255,R-A14-112,群友都做了,sentence_pattern,contains,,false,false,zh-CN,高,待法务复核,v1.2覆盖补充；需结合平台和上下文
V100256,R-A14-112,发群里给老师看,sentence_pattern,contains,,false,false,zh-CN,高,待法务复核,v1.2覆盖补充；需结合平台和上下文
V100257,R-A15-101,患者照片,keyword,contains,,false,false,zh-CN,高,待法务复核,v1.2覆盖补充；需结合平台和上下文
V100258,R-A15-101,顾客照片,keyword,contains,,false,false,zh-CN,高,待法务复核,v1.2覆盖补充；需结合平台和上下文
V100259,R-A15-101,术后照片,keyword,contains,,false,false,zh-CN,高,待法务复核,v1.2覆盖补充；需结合平台和上下文
V100260,R-A15-101,治疗视频,keyword,contains,,false,false,zh-CN,高,待法务复核,v1.2覆盖补充；需结合平台和上下文
V100261,R-A15-101,真人案例图,sentence_pattern,contains,,false,false,zh-CN,高,待法务复核,v1.2覆盖补充；需结合平台和上下文
V100262,R-A15-101,客户实拍,keyword,contains,,false,false,zh-CN,高,待法务复核,v1.2覆盖补充；需结合平台和上下文
V100263,R-A15-101,用户面部图,sentence_pattern,contains,,false,false,zh-CN,高,待法务复核,v1.2覆盖补充；需结合平台和上下文
V100264,R-A15-101,手术过程视频,sentence_pattern,contains,,false,false,zh-CN,高,待法务复核,v1.2覆盖补充；需结合平台和上下文
V100265,R-A15-102,术前术后,keyword,contains,,false,false,zh-CN,高,待法务复核,v1.2覆盖补充；需结合平台和上下文
V100266,R-A15-102,前后对比,keyword,contains,,false,false,zh-CN,高,待法务复核,v1.2覆盖补充；需结合平台和上下文
V100267,R-A15-102,恢复日记照片,sentence_pattern,contains,,false,false,zh-CN,高,待法务复核,v1.2覆盖补充；需结合平台和上下文
V100268,R-A15-102,变美过程图,sentence_pattern,contains,,false,false,zh-CN,高,待法务复核,v1.2覆盖补充；需结合平台和上下文
V100269,R-A15-102,治疗前后照,sentence_pattern,contains,,false,false,zh-CN,高,待法务复核,v1.2覆盖补充；需结合平台和上下文
V100270,R-A15-102,案例对比图,sentence_pattern,contains,,false,false,zh-CN,高,待法务复核,v1.2覆盖补充；需结合平台和上下文
V100271,R-A15-102,恢复记录,keyword,contains,,false,false,zh-CN,高,待法务复核,v1.2覆盖补充；需结合平台和上下文
V100272,R-A15-102,效果变化图,sentence_pattern,contains,,false,false,zh-CN,高,待法务复核,v1.2覆盖补充；需结合平台和上下文
V100273,R-A15-103,聊天截图,keyword,contains,,false,false,zh-CN,高,待法务复核,v1.2覆盖补充；需结合平台和上下文
V100274,R-A15-103,微信截图,keyword,contains,,false,false,zh-CN,高,待法务复核,v1.2覆盖补充；需结合平台和上下文
V100275,R-A15-103,顾客反馈截图,sentence_pattern,contains,,false,false,zh-CN,高,待法务复核,v1.2覆盖补充；需结合平台和上下文
V100276,R-A15-103,私信截图,keyword,contains,,false,false,zh-CN,高,待法务复核,v1.2覆盖补充；需结合平台和上下文
V100277,R-A15-103,客户好评截图,sentence_pattern,contains,,false,false,zh-CN,高,待法务复核,v1.2覆盖补充；需结合平台和上下文
V100278,R-A15-103,咨询记录截图,sentence_pattern,contains,,false,false,zh-CN,高,待法务复核,v1.2覆盖补充；需结合平台和上下文
V100279,R-A15-103,群聊截图,keyword,contains,,false,false,zh-CN,高,待法务复核,v1.2覆盖补充；需结合平台和上下文
V100280,R-A15-103,成交截图,keyword,contains,,false,false,zh-CN,高,待法务复核,v1.2覆盖补充；需结合平台和上下文
V100281,R-A15-104,病例分享,keyword,contains,,false,false,zh-CN,高,待法务复核,v1.2覆盖补充；需结合平台和上下文
V100282,R-A15-104,病历截图,keyword,contains,,false,false,zh-CN,高,待法务复核,v1.2覆盖补充；需结合平台和上下文
V100283,R-A15-104,诊断报告,keyword,contains,,false,false,zh-CN,高,待法务复核,v1.2覆盖补充；需结合平台和上下文
V100284,R-A15-104,检查报告,keyword,contains,,false,false,zh-CN,高,待法务复核,v1.2覆盖补充；需结合平台和上下文
V100285,R-A15-104,处方单,keyword,contains,,false,false,zh-CN,中,待法务复核,v1.2覆盖补充；需结合平台和上下文
V100286,R-A15-104,过敏史,keyword,contains,,false,false,zh-CN,中,待法务复核,v1.2覆盖补充；需结合平台和上下文
V100287,R-A15-104,手术记录,keyword,contains,,false,false,zh-CN,高,待法务复核,v1.2覆盖补充；需结合平台和上下文
V100288,R-A15-104,用药记录,keyword,contains,,false,false,zh-CN,高,待法务复核,v1.2覆盖补充；需结合平台和上下文
V100289,R-A15-105,AI测脸,keyword,contains,,false,false,zh-CN,高,待法务复核,v1.2覆盖补充；需结合平台和上下文
V100290,R-A15-105,人脸扫描,keyword,contains,,false,false,zh-CN,高,待法务复核,v1.2覆盖补充；需结合平台和上下文
V100291,R-A15-105,面部建模,keyword,contains,,false,false,zh-CN,高,待法务复核,v1.2覆盖补充；需结合平台和上下文
V100292,R-A15-105,面部特征分析,sentence_pattern,contains,,false,false,zh-CN,高,待法务复核,v1.2覆盖补充；需结合平台和上下文
V100293,R-A15-105,私密照片,keyword,contains,,false,false,zh-CN,高,待法务复核,v1.2覆盖补充；需结合平台和上下文
V100294,R-A15-105,私处照片,keyword,contains,,false,false,zh-CN,高,待法务复核,v1.2覆盖补充；需结合平台和上下文
V100295,R-A15-105,声纹识别,keyword,contains,,false,false,zh-CN,高,待法务复核,v1.2覆盖补充；需结合平台和上下文
V100296,R-A15-105,生物识别,keyword,contains,,false,false,zh-CN,高,待法务复核,v1.2覆盖补充；需结合平台和上下文
V100297,R-A15-106,二次使用,keyword,contains,,false,false,zh-CN,高,待法务复核,v1.2覆盖补充；需结合平台和上下文
V100298,R-A15-106,跨平台发布,sentence_pattern,contains,,false,false,zh-CN,高,待法务复核,v1.2覆盖补充；需结合平台和上下文
V100299,R-A15-106,素材库长期使用,sentence_pattern,contains,,false,false,zh-CN,高,待法务复核,v1.2覆盖补充；需结合平台和上下文
V100300,R-A15-106,授权给合作方,sentence_pattern,contains,,false,false,zh-CN,高,待法务复核,v1.2覆盖补充；需结合平台和上下文
V100301,R-A15-106,用于广告宣传,sentence_pattern,contains,,false,false,zh-CN,高,待法务复核,v1.2覆盖补充；需结合平台和上下文
V100302,R-A15-106,从病历取图,sentence_pattern,contains,,false,false,zh-CN,高,待法务复核,v1.2覆盖补充；需结合平台和上下文
V100303,R-A15-106,内部照片外发,sentence_pattern,contains,,false,false,zh-CN,高,待法务复核,v1.2覆盖补充；需结合平台和上下文
V100304,R-A15-106,旧案例再发,sentence_pattern,contains,,false,false,zh-CN,高,待法务复核,v1.2覆盖补充；需结合平台和上下文
V100305,R-A15-107,撤回授权,keyword,contains,,false,false,zh-CN,高,待法务复核,v1.2覆盖补充；需结合平台和上下文
V100306,R-A15-107,要求删图,keyword,contains,,false,false,zh-CN,高,待法务复核,v1.2覆盖补充；需结合平台和上下文
V100307,R-A15-107,不同意再用,sentence_pattern,contains,,false,false,zh-CN,高,待法务复核,v1.2覆盖补充；需结合平台和上下文
V100308,R-A15-107,撤销同意,keyword,contains,,false,false,zh-CN,高,待法务复核,v1.2覆盖补充；需结合平台和上下文
V100309,R-A15-107,下架照片,keyword,contains,,false,false,zh-CN,高,待法务复核,v1.2覆盖补充；需结合平台和上下文
V100310,R-A15-107,删除案例,keyword,contains,,false,false,zh-CN,高,待法务复核,v1.2覆盖补充；需结合平台和上下文
V100311,R-A15-107,不让再发,keyword,contains,,false,false,zh-CN,高,待法务复核,v1.2覆盖补充；需结合平台和上下文
V100312,R-A15-107,停止使用,keyword,contains,,false,false,zh-CN,高,待法务复核,v1.2覆盖补充；需结合平台和上下文
V100313,R-A15-108,未成年案例,sentence_pattern,contains,,false,false,zh-CN,高,待法务复核,v1.2覆盖补充；需结合平台和上下文
V100314,R-A15-108,学生案例,keyword,contains,,false,false,zh-CN,高,待法务复核,v1.2覆盖补充；需结合平台和上下文
V100315,R-A15-108,儿童照片,keyword,contains,,false,false,zh-CN,高,待法务复核,v1.2覆盖补充；需结合平台和上下文
V100316,R-A15-108,14岁以下,number_symbol_variant,regex,(?:不满|未满|小于)?\s*14\s*岁,false,false,zh-CN,高,待法务复核,v1.2覆盖补充；需结合平台和上下文
V100317,R-A15-108,监护人同意,sentence_pattern,contains,,false,false,zh-CN,高,待法务复核,v1.2覆盖补充；需结合平台和上下文
V100318,R-A15-108,青少年医美,sentence_pattern,contains,,false,false,zh-CN,高,待法务复核,v1.2覆盖补充；需结合平台和上下文
V100319,R-A15-108,中学生变美,sentence_pattern,contains,,false,false,zh-CN,高,待法务复核,v1.2覆盖补充；需结合平台和上下文
V100320,R-A15-108,儿童治疗照,sentence_pattern,contains,,false,false,zh-CN,高,待法务复核,v1.2覆盖补充；需结合平台和上下文
V100321,R-A15-109,打码案例,keyword,contains,,false,false,zh-CN,高,待法务复核,v1.2覆盖补充；需结合平台和上下文
V100322,R-A15-109,遮眼照片,keyword,contains,,false,false,zh-CN,高,待法务复核,v1.2覆盖补充；需结合平台和上下文
V100323,R-A15-109,隐去姓名,keyword,contains,,false,false,zh-CN,高,待法务复核,v1.2覆盖补充；需结合平台和上下文
V100324,R-A15-109,匿名客户,keyword,contains,,false,false,zh-CN,高,待法务复核,v1.2覆盖补充；需结合平台和上下文
V100325,R-A15-109,化名案例,keyword,contains,,false,false,zh-CN,高,待法务复核,v1.2覆盖补充；需结合平台和上下文
V100326,R-A15-109,只露半张脸,sentence_pattern,contains,,false,false,zh-CN,高,待法务复核,v1.2覆盖补充；需结合平台和上下文
V100327,R-A15-109,马赛克患者,sentence_pattern,contains,,false,false,zh-CN,高,待法务复核,v1.2覆盖补充；需结合平台和上下文
V100328,R-A15-109,不写真名,keyword,contains,,false,false,zh-CN,高,待法务复核,v1.2覆盖补充；需结合平台和上下文
V100329,R-A15-110,医生头像,keyword,contains,,false,false,zh-CN,高,待法务复核,v1.2覆盖补充；需结合平台和上下文
V100330,R-A15-110,员工出镜,keyword,contains,,false,false,zh-CN,高,待法务复核,v1.2覆盖补充；需结合平台和上下文
V100331,R-A15-110,明星照片,keyword,contains,,false,false,zh-CN,高,待法务复核,v1.2覆盖补充；需结合平台和上下文
V100332,R-A15-110,达人肖像,keyword,contains,,false,false,zh-CN,高,待法务复核,v1.2覆盖补充；需结合平台和上下文
V100333,R-A15-110,专家形象,keyword,contains,,false,false,zh-CN,高,待法务复核,v1.2覆盖补充；需结合平台和上下文
V100334,R-A15-110,院长海报,keyword,contains,,false,false,zh-CN,高,待法务复核,v1.2覆盖补充；需结合平台和上下文
V100335,R-A15-110,第三方人物图,sentence_pattern,contains,,false,false,zh-CN,高,待法务复核,v1.2覆盖补充；需结合平台和上下文
V100336,R-A15-110,患者代言,keyword,contains,,false,false,zh-CN,高,待法务复核,v1.2覆盖补充；需结合平台和上下文
V100337,R-A15-111,发给代运营,sentence_pattern,contains,,false,false,zh-CN,高,待法务复核,v1.2覆盖补充；需结合平台和上下文
V100338,R-A15-111,上传广告平台,sentence_pattern,contains,,false,false,zh-CN,高,待法务复核,v1.2覆盖补充；需结合平台和上下文
V100339,R-A15-111,给合作机构,sentence_pattern,contains,,false,false,zh-CN,高,待法务复核,v1.2覆盖补充；需结合平台和上下文
V100340,R-A15-111,第三方处理,sentence_pattern,contains,,false,false,zh-CN,高,待法务复核,v1.2覆盖补充；需结合平台和上下文
V100341,R-A15-111,外包修图,keyword,contains,,false,false,zh-CN,高,待法务复核,v1.2覆盖补充；需结合平台和上下文
V100342,R-A15-111,云端分析,keyword,contains,,false,false,zh-CN,高,待法务复核,v1.2覆盖补充；需结合平台和上下文
V100343,R-A15-111,合作方拿数据,sentence_pattern,contains,,false,false,zh-CN,高,待法务复核,v1.2覆盖补充；需结合平台和上下文
V100344,R-A15-111,客户名单共享,sentence_pattern,contains,,false,false,zh-CN,高,待法务复核,v1.2覆盖补充；需结合平台和上下文
V100345,R-A15-112,转发顾客笔记,sentence_pattern,contains,,false,false,zh-CN,高,待法务复核,v1.2覆盖补充；需结合平台和上下文
V100346,R-A15-112,搬运用户评价,sentence_pattern,contains,,false,false,zh-CN,高,待法务复核,v1.2覆盖补充；需结合平台和上下文
V100347,R-A15-112,公开内容可随便用,sentence_pattern,contains,,false,false,zh-CN,高,待法务复核,v1.2覆盖补充；需结合平台和上下文
V100348,R-A15-112,截图小红书笔记,sentence_pattern,contains,,false,false,zh-CN,高,待法务复核,v1.2覆盖补充；需结合平台和上下文
V100349,R-A15-112,转载朋友圈,sentence_pattern,contains,,false,false,zh-CN,高,待法务复核,v1.2覆盖补充；需结合平台和上下文
V100350,R-A15-112,用户自己发的,sentence_pattern,contains,,false,false,zh-CN,高,待法务复核,v1.2覆盖补充；需结合平台和上下文
V100351,R-A15-112,网上公开照片,sentence_pattern,contains,,false,false,zh-CN,高,待法务复核,v1.2覆盖补充；需结合平台和上下文
V100352,R-A15-112,拿来做案例,sentence_pattern,contains,,false,false,zh-CN,高,待法务复核,v1.2覆盖补充；需结合平台和上下文
V100353,R-A15-113,上传AI,keyword,contains,,false,false,zh-CN,高,待法务复核,v1.2覆盖补充；需结合平台和上下文
V100354,R-A15-113,发给大模型,sentence_pattern,contains,,false,false,zh-CN,高,待法务复核,v1.2覆盖补充；需结合平台和上下文
V100355,R-A15-113,AI修图患者,sentence_pattern,contains,,false,false,zh-CN,高,待法务复核,v1.2覆盖补充；需结合平台和上下文
V100356,R-A15-113,用模型分析病历,sentence_pattern,contains,,false,false,zh-CN,高,待法务复核,v1.2覆盖补充；需结合平台和上下文
V100357,R-A15-113,上传检查报告,sentence_pattern,contains,,false,false,zh-CN,高,待法务复核,v1.2覆盖补充；需结合平台和上下文
V100358,R-A15-113,云端测脸,keyword,contains,,false,false,zh-CN,高,待法务复核,v1.2覆盖补充；需结合平台和上下文
V100359,R-A15-113,AI生成案例,sentence_pattern,contains,,false,false,zh-CN,高,待法务复核,v1.2覆盖补充；需结合平台和上下文
V100360,R-A15-113,第三方模型处理,sentence_pattern,contains,,false,false,zh-CN,高,待法务复核,v1.2覆盖补充；需结合平台和上下文
V100361,R-A15-114,永久保存案例,sentence_pattern,contains,,false,false,zh-CN,高,待法务复核,v1.2覆盖补充；需结合平台和上下文
V100362,R-A15-114,长期素材库,sentence_pattern,contains,,false,false,zh-CN,高,待法务复核,v1.2覆盖补充；需结合平台和上下文
V100363,R-A15-114,一直留着客户资料,sentence_pattern,contains,,false,false,zh-CN,高,待法务复核,v1.2覆盖补充；需结合平台和上下文
V100364,R-A15-114,授权到期继续用,sentence_pattern,contains,,false,false,zh-CN,高,待法务复核,v1.2覆盖补充；需结合平台和上下文
V100365,R-A15-114,历史聊天不删除,sentence_pattern,contains,,false,false,zh-CN,高,待法务复核,v1.2覆盖补充；需结合平台和上下文
V100366,R-A15-114,患者照片备份,sentence_pattern,contains,,false,false,zh-CN,高,待法务复核,v1.2覆盖补充；需结合平台和上下文
V100367,R-A15-114,无限期留存,sentence_pattern,contains,,false,false,zh-CN,高,待法务复核,v1.2覆盖补充；需结合平台和上下文
V100368,R-A15-114,旧素材长期保存,sentence_pattern,contains,,false,false,zh-CN,高,待法务复核,v1.2覆盖补充；需结合平台和上下文
V100369,R-A16-101,员工朋友圈,sentence_pattern,contains,,false,false,zh-CN,高,待法务复核,v1.2覆盖补充；需结合平台和上下文
V100370,R-A16-101,内部宣传任务,sentence_pattern,contains,,false,false,zh-CN,高,待法务复核,v1.2覆盖补充；需结合平台和上下文
V100371,R-A16-101,统一转发文案,sentence_pattern,contains,,false,false,zh-CN,高,待法务复核,v1.2覆盖补充；需结合平台和上下文
V100372,R-A16-101,个人号推广,sentence_pattern,contains,,false,false,zh-CN,高,待法务复核,v1.2覆盖补充；需结合平台和上下文
V100373,R-A16-101,朋友们找我预约,sentence_pattern,contains,,false,false,zh-CN,高,待法务复核,v1.2覆盖补充；需结合平台和上下文
V100374,R-A16-101,员工专享渠道,sentence_pattern,contains,,false,false,zh-CN,高,待法务复核,v1.2覆盖补充；需结合平台和上下文
V100375,R-A16-101,院内要求转发,sentence_pattern,contains,,false,false,zh-CN,高,待法务复核,v1.2覆盖补充；需结合平台和上下文
V100376,R-A16-101,朋友圈打卡,sentence_pattern,contains,,false,false,zh-CN,高,待法务复核,v1.2覆盖补充；需结合平台和上下文
V100377,R-A16-102,免费体验换笔记,sentence_pattern,contains,,false,false,zh-CN,高,待法务复核,v1.2覆盖补充；需结合平台和上下文
V100378,R-A16-102,置换探店,keyword,contains,,false,false,zh-CN,高,待法务复核,v1.2覆盖补充；需结合平台和上下文
V100379,R-A16-102,佣金合作,keyword,contains,,false,false,zh-CN,高,待法务复核,v1.2覆盖补充；需结合平台和上下文
V100380,R-A16-102,机构邀请体验,sentence_pattern,contains,,false,false,zh-CN,高,待法务复核,v1.2覆盖补充；需结合平台和上下文
V100381,R-A16-102,达人置换,keyword,contains,,false,false,zh-CN,高,待法务复核,v1.2覆盖补充；需结合平台和上下文
V100382,R-A16-102,免单发文,keyword,contains,,false,false,zh-CN,高,待法务复核,v1.2覆盖补充；需结合平台和上下文
V100383,R-A16-102,返现好评,keyword,contains,,false,false,zh-CN,高,待法务复核,v1.2覆盖补充；需结合平台和上下文
V100384,R-A16-102,体验官招募,sentence_pattern,contains,,false,false,zh-CN,高,待法务复核,v1.2覆盖补充；需结合平台和上下文
V100385,R-A16-103,官号转发顾客笔记,sentence_pattern,contains,,false,false,zh-CN,高,待法务复核,v1.2覆盖补充；需结合平台和上下文
V100386,R-A16-103,机构搬运案例,sentence_pattern,contains,,false,false,zh-CN,高,待法务复核,v1.2覆盖补充；需结合平台和上下文
V100387,R-A16-103,精选用户反馈,sentence_pattern,contains,,false,false,zh-CN,高,待法务复核,v1.2覆盖补充；需结合平台和上下文
V100388,R-A16-103,顾客授权转发,sentence_pattern,contains,,false,false,zh-CN,高,待法务复核,v1.2覆盖补充；需结合平台和上下文
V100389,R-A16-103,晒单合集,keyword,contains,,false,false,zh-CN,高,待法务复核,v1.2覆盖补充；需结合平台和上下文
V100390,R-A16-103,用户口碑墙,sentence_pattern,contains,,false,false,zh-CN,高,待法务复核,v1.2覆盖补充；需结合平台和上下文
V100391,R-A16-103,机构二剪,keyword,contains,,false,false,zh-CN,高,待法务复核,v1.2覆盖补充；需结合平台和上下文
V100392,R-A16-103,真实顾客推荐,sentence_pattern,contains,,false,false,zh-CN,高,待法务复核,v1.2覆盖补充；需结合平台和上下文
V100393,R-A16-104,科普文末二维码,sentence_pattern,contains,,false,false,zh-CN,高,待法务复核,v1.2覆盖补充；需结合平台和上下文
V100394,R-A16-104,知识分享加预约,sentence_pattern,contains,,false,false,zh-CN,高,待法务复核,v1.2覆盖补充；需结合平台和上下文
V100395,R-A16-104,点击咨询专家,sentence_pattern,contains,,false,false,zh-CN,高,待法务复核,v1.2覆盖补充；需结合平台和上下文
V100396,R-A16-104,扫码面诊,keyword,contains,,false,false,zh-CN,高,待法务复核,v1.2覆盖补充；需结合平台和上下文
V100397,R-A16-104,文末联系电话,sentence_pattern,contains,,false,false,zh-CN,高,待法务复核,v1.2覆盖补充；需结合平台和上下文
V100398,R-A16-104,阅读原文预约,sentence_pattern,contains,,false,false,zh-CN,高,待法务复核,v1.2覆盖补充；需结合平台和上下文
V100399,R-A16-104,科普福利,keyword,contains,,false,false,zh-CN,高,待法务复核,v1.2覆盖补充；需结合平台和上下文
V100400,R-A16-104,健康知识加团购,sentence_pattern,contains,,false,false,zh-CN,高,待法务复核,v1.2覆盖补充；需结合平台和上下文
V100401,R-A16-105,医生推荐本院项目,sentence_pattern,contains,,false,false,zh-CN,高,待法务复核,v1.2覆盖补充；需结合平台和上下文
V100402,R-A16-105,我最推荐的项目,sentence_pattern,contains,,false,false,zh-CN,高,待法务复核,v1.2覆盖补充；需结合平台和上下文
V100403,R-A16-105,找我做同款,sentence_pattern,contains,,false,false,zh-CN,高,待法务复核,v1.2覆盖补充；需结合平台和上下文
V100404,R-A16-105,医生个人预约,sentence_pattern,contains,,false,false,zh-CN,高,待法务复核,v1.2覆盖补充；需结合平台和上下文
V100405,R-A16-105,院长亲自推荐,sentence_pattern,contains,,false,false,zh-CN,高,待法务复核,v1.2覆盖补充；需结合平台和上下文
V100406,R-A16-105,科普后预约我,sentence_pattern,contains,,false,false,zh-CN,高,待法务复核,v1.2覆盖补充；需结合平台和上下文
V100407,R-A16-105,我的手术案例,sentence_pattern,contains,,false,false,zh-CN,高,待法务复核,v1.2覆盖补充；需结合平台和上下文
V100408,R-A16-105,医生带你变美,sentence_pattern,contains,,false,false,zh-CN,高,待法务复核,v1.2覆盖补充；需结合平台和上下文
V100409,R-A16-106,广告二剪,keyword,contains,,false,false,zh-CN,高,待法务复核,v1.2覆盖补充；需结合平台和上下文
V100410,R-A16-106,改审查稿,keyword,contains,,false,false,zh-CN,高,待法务复核,v1.2覆盖补充；需结合平台和上下文
V100411,R-A16-106,换个标题发布,sentence_pattern,contains,,false,false,zh-CN,高,待法务复核,v1.2覆盖补充；需结合平台和上下文
V100412,R-A16-106,加效果字幕,sentence_pattern,contains,,false,false,zh-CN,高,待法务复核,v1.2覆盖补充；需结合平台和上下文
V100413,R-A16-106,拼接案例,keyword,contains,,false,false,zh-CN,高,待法务复核,v1.2覆盖补充；需结合平台和上下文
V100414,R-A16-106,换平台复用广告,sentence_pattern,contains,,false,false,zh-CN,高,待法务复核,v1.2覆盖补充；需结合平台和上下文
V100415,R-A16-106,审查后加优惠,sentence_pattern,contains,,false,false,zh-CN,高,待法务复核,v1.2覆盖补充；需结合平台和上下文
V100416,R-A16-106,剪短再发,keyword,contains,,false,false,zh-CN,高,待法务复核,v1.2覆盖补充；需结合平台和上下文
V100417,R-A16-107,直播挂团购,sentence_pattern,contains,,false,false,zh-CN,高,待法务复核,v1.2覆盖补充；需结合平台和上下文
V100418,R-A16-107,直播预约,keyword,contains,,false,false,zh-CN,高,待法务复核,v1.2覆盖补充；需结合平台和上下文
V100419,R-A16-107,直播间下单,sentence_pattern,contains,,false,false,zh-CN,高,待法务复核,v1.2覆盖补充；需结合平台和上下文
V100420,R-A16-107,点击小黄车,sentence_pattern,contains,,false,false,zh-CN,高,待法务复核,v1.2覆盖补充；需结合平台和上下文
V100421,R-A16-107,直播私信,keyword,contains,,false,false,zh-CN,高,待法务复核,v1.2覆盖补充；需结合平台和上下文
V100422,R-A16-107,扫码面诊,keyword,contains,,false,false,zh-CN,高,待法务复核,v1.2覆盖补充；需结合平台和上下文
V100423,R-A16-107,直播专享项目,sentence_pattern,contains,,false,false,zh-CN,高,待法务复核,v1.2覆盖补充；需结合平台和上下文
V100424,R-A16-107,直播团购券,sentence_pattern,contains,,false,false,zh-CN,高,待法务复核,v1.2覆盖补充；需结合平台和上下文
V100425,R-A16-108,医美测评,keyword,contains,,false,false,zh-CN,高,待法务复核,v1.2覆盖补充；需结合平台和上下文
V100426,R-A16-108,探店攻略,keyword,contains,,false,false,zh-CN,高,待法务复核,v1.2覆盖补充；需结合平台和上下文
V100427,R-A16-108,机构榜单,keyword,contains,,false,false,zh-CN,高,待法务复核,v1.2覆盖补充；需结合平台和上下文
V100428,R-A16-108,变美日记,keyword,contains,,false,false,zh-CN,高,待法务复核,v1.2覆盖补充；需结合平台和上下文
V100429,R-A16-108,项目清单,keyword,contains,,false,false,zh-CN,高,待法务复核,v1.2覆盖补充；需结合平台和上下文
V100430,R-A16-108,避坑攻略推荐,sentence_pattern,contains,,false,false,zh-CN,高,待法务复核,v1.2覆盖补充；需结合平台和上下文
V100431,R-A16-108,宝藏机构,keyword,contains,,false,false,zh-CN,高,待法务复核,v1.2覆盖补充；需结合平台和上下文
V100432,R-A16-108,亲测排名,keyword,contains,,false,false,zh-CN,高,待法务复核,v1.2覆盖补充；需结合平台和上下文
V100433,R-A16-109,主页有联系方式,sentence_pattern,contains,,false,false,zh-CN,高,待法务复核,v1.2覆盖补充；需结合平台和上下文
V100434,R-A16-109,置顶有预约,sentence_pattern,contains,,false,false,zh-CN,高,待法务复核,v1.2覆盖补充；需结合平台和上下文
V100435,R-A16-109,评论区发地址,sentence_pattern,contains,,false,false,zh-CN,高,待法务复核,v1.2覆盖补充；需结合平台和上下文
V100436,R-A16-109,私信自动回复,sentence_pattern,contains,,false,false,zh-CN,高,待法务复核,v1.2覆盖补充；需结合平台和上下文
V100437,R-A16-109,下一篇讲价格,sentence_pattern,contains,,false,false,zh-CN,高,待法务复核,v1.2覆盖补充；需结合平台和上下文
V100438,R-A16-109,合集最后导流,sentence_pattern,contains,,false,false,zh-CN,高,待法务复核,v1.2覆盖补充；需结合平台和上下文
V100439,R-A16-109,分开发不违规,sentence_pattern,contains,,false,false,zh-CN,高,待法务复核,v1.2覆盖补充；需结合平台和上下文
V100440,R-A16-109,多篇组合,keyword,contains,,false,false,zh-CN,高,待法务复核,v1.2覆盖补充；需结合平台和上下文
V100441,R-A16-110,医生科普其实推广,sentence_pattern,contains,,false,false,zh-CN,高,待法务复核,v1.2覆盖补充；需结合平台和上下文
V100442,R-A16-110,知识分享预约,sentence_pattern,contains,,false,false,zh-CN,高,待法务复核,v1.2覆盖补充；需结合平台和上下文
V100443,R-A16-110,专家解答加优惠,sentence_pattern,contains,,false,false,zh-CN,高,待法务复核,v1.2覆盖补充；需结合平台和上下文
V100444,R-A16-110,科普标题项目正文,sentence_pattern,contains,,false,false,zh-CN,高,待法务复核,v1.2覆盖补充；需结合平台和上下文
V100445,R-A16-110,健康讲堂团购,sentence_pattern,contains,,false,false,zh-CN,高,待法务复核,v1.2覆盖补充；需结合平台和上下文
V100446,R-A16-110,学术分享推荐机构,sentence_pattern,contains,,false,false,zh-CN,高,待法务复核,v1.2覆盖补充；需结合平台和上下文
V100447,R-A16-110,答疑后下单,sentence_pattern,contains,,false,false,zh-CN,高,待法务复核,v1.2覆盖补充；需结合平台和上下文
V100448,R-A16-110,科普文案带价格,sentence_pattern,contains,,false,false,zh-CN,高,待法务复核,v1.2覆盖补充；需结合平台和上下文
