rule_id,rule_name,category_code,category_name,rule_description,semantic_rule,legal_conclusion,risk_level,basis_type,applicable_business_domain,applicable_content_legal_nature,prohibited_context,allowed_context,evidence_requirement,qualification_requirement,system_action,auto_rewrite_allowed,replacement_strategy,manual_review_required,confidence,review_status,reviewer,effective_status,version,created_at,updated_at,update_reason,updated_source_id,rule_dimension,review_level,notes
R-A01-001,绝对化及最高级用语(医美服务指向),A01,绝对化及最高级表达,使用国家级、最高级、最佳等绝对化用语指向医美服务或商品，且不满足《广告绝对化用语执法指南》第五、六条排除情形时构成违法。医美为重点领域，一般不适用不予处罚。,检测绝对化用语是否指向具体医美服务/商品。排除用于经营理念、目标追求、自我比较等非指向情形。,conditionally_prohibited,high,law;regulatory_guideline,医疗美容,medical_advertisement,广告内容中直接修饰医美服务/产品,"仅表经营理念(如""追求极致服务体验"")且不指向具体项目、仅同一品牌自我比较(如""本院第三代设备优于第二代"")、使用方法提示(如""请使用最佳舒适度档位"")",若主张不构成违法，需证明属于第五、六条排除情形,,request_evidence,false,补充证明材料;改为客观信息,true,高,已审核,,active,1.0,2026-07-27,2026-07-27,,,expression_risk,L3,根据S0007第五、六条，并非所有绝对化用语均违法；医美属于重点领域，但排除情形仍适用
R-A01-002,唯一性及顶级序列词,A01,绝对化及最高级表达,使用第一/唯一/全网第一/行业第一/NO.1/TOP1/最权威/最顶尖/史上最强等明示或暗示唯一性或顶级排名的表达，当指向医美服务或商品时风险显著升高。,检测数字+排名类词汇组合(第一/NO.1/TOP1)以及最高级限定词(最权威/史上最强)，判断是否指向具体医美服务。,conditionally_prohibited,high,law,医疗美容,medical_advertisement,广告或商业推广中直接修饰医美项目、机构、医生,"获得官方排名且标明出处(如\""2025年度卫健委考核A级单位\""并附证明)、客观行业数据引用",官方排名证明或第三方权威机构出具的数据来源,,request_evidence,false,补充证明材料;改为客观信息,true,高,已审核,,active,1.0,2026-07-27,2026-07-27,,,expression_risk,L3,同R-A01-001逻辑，换为唯一性/序列版本
R-A02-001,明示或暗示功效保证,A02,医疗功效承诺,广告法第十六条明确禁止医疗广告含有表示功效、安全性的断言或者保证。包括保证有效、一次见效、彻底治愈、百分百有效、无效退款等表达。监管指南进一步细化。,检测:1)保证/承诺+效果词组合;2)100%/百分百+有效;3)无效退款类商业承诺。判断是否指向医疗效果。,explicitly_prohibited,critical,law;regulatory_guideline,医疗美容,medical_advertisement,任何涉及医疗美容效果的广告、推广、朋友圈、社群内容,"客观说明诊疗方法适用范围，附个体差异提示(如\""效果因人而异\"");学术讨论不面向消费者",,,block,false,删除主张;增加个体差异说明,true,高,已审核,,active,1.0,2026-07-27,2026-07-27,,,medical_efficacy_risk,L1,
R-A02-002,永久终身有效性断言,A02,医疗功效承诺,使用永久/终身/一辈子+有效/维持/不反弹等组合，属于功效保证的强化表达，违反广告法第十六条。,"检测\""永久\""/\""终身\""/\""一辈子\""+\""有效\""/\""维持\""/\""不反弹\""/\""保持\""等组合",explicitly_prohibited,critical,law,医疗美容,medical_advertisement,任何场景,无允许场景,,,block,false,删除主张,true,高,已审核,,active,1.0,2026-07-27,2026-07-27,,,medical_efficacy_risk,L1,
R-A03-001,安全/无风险/无副作用承诺,A03,安全性和无风险承诺,使用零风险、绝对安全、无副作用、完全无痛等表达，属于安全性断言，广告法第十六条明确禁止。,检测:1)零/无/绝对+风险/副作用/疼痛/伤害;2)100%安全类表达。,explicitly_prohibited,critical,law;regulatory_guideline,医疗美容,medical_advertisement,任何涉及医疗美容项目的对外内容,"客观介绍术后护理措施(如\""按医嘱护理可降低感染风险\""，不承诺零风险)",,,block,false,删除主张;增加个体差异说明,true,高,已审核,,active,1.0,2026-07-27,2026-07-27,,,medical_efficacy_risk,L1,
R-A03-002,无后遗症/不留疤/无依赖等具体安全性断言,A03,安全性和无风险承诺,针对具体术后结果的安全性断言(无后遗症/不留疤/不反弹/无依赖)，属于安全性承诺变体。,"检测\""无\""/\""不\""/\""不会\""+\""后遗症\""/\""留疤\""/\""反弹\""/\""依赖\""/\""上瘾\""等组合",explicitly_prohibited,critical,law,医疗美容,medical_advertisement,任何对外内容,无,,,block,false,删除主张,true,高,已审核,,active,1.0,2026-07-27,2026-07-27,,,medical_efficacy_risk,L1,
R-A04-001,明确恢复/见效时间承诺,A04,效果时间和持续时间承诺,使用三天恢复、七天变美、一周见效等明确时间承诺，属于效果保证，违反广告法第十六条。,检测数字天数+恢复/见效/变美/消除/退红等效果词组合,explicitly_prohibited,critical,law;regulatory_guideline,医疗美容,medical_advertisement,任何涉及医疗效果的对外内容,在知情同意书中交代一般恢复周期(不承诺具体见效时间);非广告性质的术后注意事项提示,,,block,false,删除主张;改为客观信息,true,高,已审核,,active,1.0,2026-07-27,2026-07-27,,,medical_efficacy_risk,L1,
R-A05-001,治疗前后对比图及案例对比,A05,效果对比和案例证明,使用治疗前后对比照片、案例对比等展示医疗美容效果，医疗广告管理办法第七条明确禁止。,"检测前后对比图/对比照片/效果对比等意图。图片识别需独立视觉模型，文字层面检测\""前后对比\""/\""治疗前后\""/\""术前术后\""等提示词。",explicitly_prohibited,critical,law;regulatory_guideline,医疗美容,medical_advertisement,任何对外发布的广告/推广内容,仅供院内咨询使用的非公开术前术后资料(不得外发);学术会议中脱敏处理的教学案例,,,block,false,删除主张,true,高,已审核,,active,1.0,2026-07-27,2026-07-27,,,medical_efficacy_risk,L1,
R-A05-002a,患者见证(涉及疗效/恢复效果证明),A05,效果对比和案例证明,使用患者/顾客的术后体验、效果证明、亲测反馈等涉及医疗疗效或恢复效果的证明材料。医疗广告管理办法第七条禁止利用患者名义形象作证明。,"检测\""我做了XX项目+效果描述\""/\""亲测有效\""/\""做完鼻子一个月变这样\""/\""XX顾客反馈\""等句式。区分效果证明与普通服务评价。",explicitly_prohibited,critical,law;regulatory_guideline,医疗美容,medical_advertisement,发布涉及治疗结果、恢复效果、形态变化的患者反馈,"完全不涉及医疗效果的普通服务评价(如\""环境干净\""/\""护士态度好\""/\""等待时间短\"")，需经审核确认未暗示疗效",,,block,false,删除主张,true,高,已审核,,active,1.0,2026-07-27,2026-07-27,,,medical_efficacy_risk,L1,拆分为A05-002a(疗效证明)和A05-002b(普通评价)
R-A05-002b,普通服务评价(不涉及疗效),A05,效果对比和案例证明,患者/顾客对服务环境、态度、流程等非医疗效果内容的评价，不涉及治疗结果、恢复效果或形态变化的证明。一般不构成违规，但需防止变相暗示疗效。,"检测评价内容是否仅限环境/态度/流程/等待时间等非疗效维度，无\""效果\""/\""变化\""/\""恢复\""等涉及医疗结果的表述",not_applicable,low,law,医疗美容,user_generated_content,评价内容中隐含或附带疗效暗示,客观真实、不涉及治疗结果的纯服务评价,,,pass,true,,false,中,已审核,,active,1.0,2026-07-27,2026-07-27,,,expression_risk,L4,需注意服务评价与疗效证明的边界，人工审核确认未变相暗示疗效
R-A06-001,夸大医生资质,A06,医生和机构资质宣传,使用全国最权威专家/第一刀/顶级名医等夸大医生资质的表达，构成虚假或引人误解的宣传，可被认定为虚假广告。,检测医生+顶级/第一/最权威/第一人/泰斗等极端评价,explicitly_prohibited,critical,law;regulatory_guideline,医疗美容,medical_advertisement,广告或商业推广中宣传医生,客观列明执业医师的执业证书编号/执业范围/从业年限/学术论文(需可验证),国家卫健委执业医师注册信息截图链接,执业医师资格证、执业注册证,block,false,删除主张;改为客观信息,true,高,已审核,,active,1.0,2026-07-27,2026-07-27,,,legal_risk,L1,
R-A06-002,夸大机构资质,A06,医生和机构资质宣传,使用国际认证、亚洲最大、全国最权威机构等夸大机构资质的表达，构成虚假宣传。,检测机构+国际认证/亚洲最大/全国最强/唯一授权等极端修饰,explicitly_prohibited,critical,law,医疗美容,medical_advertisement,广告或推广中宣传机构,客观列出《医疗机构执业许可证》批准信息、已取得合规认证(如JCI认证，附证明),医疗机构执业许可证、官方认证文件,医疗机构执业许可证,block,false,删除主张;补充资质,true,高,已审核,,active,1.0,2026-07-27,2026-07-27,,,legal_risk,L1,
R-A07-001,无法验证的排名及数据,A07,荣誉排名和数据宣传,使用销量第一/成功率99%/万人选择/有效率100%等无法验证的排名或统计数据，违反广告法关于引证内容真实性要求及S0013引证内容执法指南。,检测:1)数字+排行词;2)百分比+成功率/满意率/有效率;3)万人/百万+选择类表达。判断是否标明出处且可验证。,explicitly_prohibited,critical,law;regulatory_guideline,医疗美容,medical_advertisement,使用无法验证的排名、成功率、满意度等数据宣传,标明出处且可验证的统计数据(需提供原始调查报告/第三方证明/官方数据)，且不构成功效保证,第三方权威机构出具的原始数据报告、官方排名证明文件,,block,false,补充证明材料;删除主张,true,高,已审核,,active,1.0,2026-07-27,2026-07-27,,,expression_risk,L1,
R-A08-001,虚假优惠/紧迫性诱导,A08,价格优惠和诱导消费,使用最低价/最后一天/错过不再/仅限今日等制造紧迫感或虚假价格优惠的表达，违反广告法和消费者权益保护法实施条例关于不得利用虚假价格手段诱导的规定。,检测:1)最低价/超低价/亏本价等绝对价格词;2)最后一天/仅限今日/错过不再/限量等紧迫性表达,conditionally_prohibited,high,law,医疗美容,medical_advertisement,广告中未标明原价依据或实际优惠不实的低价宣传,标明明确活动期限的真实限时优惠;标明原价来源的真实价格比较,原价成交记录(至少7日),,mandatory_human_review,false,补充证明材料;改为客观信息,true,高,已审核,,active,1.0,2026-07-27,2026-07-27,,,expression_risk,L2,
R-A08-002,免费治疗/免费体验诱导,A08,价格优惠和诱导消费,使用免费治疗、免费体验等宣传诱导消费者到店后产生强制或变相消费。医美项目成本高昂，免费治疗宣传本身即可能构成虚假或引人误解的宣传。,检测免费+治疗/体验/面诊/设计等组合，结合医美语境判断是否构成诱导,conditionally_prohibited,high,law;administrative_regulation,医疗美容,medical_advertisement,"以\""免费治疗\""为噱头诱导患者到店",明确告知免费范围和条件且不涉及医疗项目的真实免费咨询(非治疗),免费活动的真实方案文本、知情同意书模板,,warning,false,改为客观信息,true,中,已审核,,active,1.0,2026-07-27,2026-07-27,,,expression_risk,L2,
R-A09-001,贬低自身形象制造容貌焦虑,A09,焦虑制造和容貌贬损,使用丑女人/脸垮了/显老十岁/土气等贬损自身形象或他人容貌的表达，制造容貌焦虑诱导消费。S0003医疗美容广告执法指南明确将制造容貌焦虑列为重点打击情形。,检测贬义容貌词(丑/老/土/塌/垮)+自身或他人指向,explicitly_prohibited,critical,law;regulatory_guideline,医疗美容,medical_advertisement,任何对外发布内容,无,,,block,false,删除主张,true,高,已审核,,active,1.0,2026-07-27,2026-07-27,,,expression_risk,L1,
R-A09-002,暗示不治疗会失去价值/严重后果,A09,焦虑制造和容貌贬损,使用不做就老了/颜值决定人生/再不保养就没人喜欢了等暗示不进行医美治疗将导致负面后果的表达，制造恐惧和焦虑。,检测条件句(不做/再不/否则)+负面后果(老了/没人要/被淘汰/贬值/失去竞争力),explicitly_prohibited,critical,law;regulatory_guideline,医疗美容,medical_advertisement,任何对外发布内容,无,,,block,false,删除主张,true,高,已审核,,active,1.0,2026-07-27,2026-07-27,,,expression_risk,L1,
R-A10-001,客服/社群未经诊断给出医疗结论,A10,医疗诊断和个体化治疗建议,客服、导购或社群运营人员在未由执业医师面诊的情况下，对用户做出确定性诊断(如你就是XX症/你属于XX肤质)或推荐具体治疗方案。违反S0014指导意见关于不得提供不符诊疗规范承诺的要求。,检测:1)你就是+疾病/症状名称;2)你适合做+项目名称;3)你的问题是+诊断结论;4)应该用/必须做+治疗方式。出现在客服/社群/私信语境中。,explicitly_prohibited,critical,department_rule,医疗美容,diagnosis_communication,客服、导购、社群运营在非面诊情况下对用户进行诊断或推荐具体治疗方案,"执业医师在诊疗过程中对患者的正常诊断沟通;
建议用户到院由执业医师面诊评估(非给出确定性结论)",,执业医师资格,block,false,"改为\""建议到院由执业医师面诊评估\""",true,高,已审核,,active,1.0,2026-07-27,2026-07-27,,,legal_risk,L1,
R-A11-001,超适应证或夸大器械/药品效果,A11,药品医疗器械和项目宣传,超出医疗器械注册证或药品说明书批准范围宣传适应证、扩大适用范围、夸大器械或药品效果。S0006明确要求广告内容不得超出注册或备案范围。,检测:1)器械/药品/注射材料名称+超出注册证范围的功效描述;2)将Ⅱ类器械宣传为具有Ⅲ类效果;3)将普通化妆品声称具有医疗功效,explicitly_prohibited,critical,law;department_rule,医疗美容,medical_advertisement,药品/器械/注射材料的任何对外宣传超出注册证批准范围,严格按说明书/注册证适应范围表述,医疗器械注册证/药品注册批件副本,对应器械/药品的注册证,block,false,删除主张;补充资质,true,高,已审核,,active,1.0,2026-07-27,2026-07-27,,,legal_risk,L1,
R-A12-001a,患者/公众人物为医疗项目效果背书,A12,用户评价代言和推荐证明,使用患者、公众人物、明星的体验分享、推荐或代言证明具体医疗项目效果，违反广告法第十六条及S0012第十一条。,"检测\""XX明星做了这个项目\""/\""XX推荐\""/\""XX同款项目\""(指向医疗效果)等表达",explicitly_prohibited,critical,law;regulatory_guideline,医疗美容,medical_advertisement,任何涉及医疗项目效果背书的代言或推荐,"不涉及医疗项目效果、仅提及审美或风格参考的\""明星同款风格\""(需排除医疗效果暗示)",,,block,false,删除主张,true,高,已审核,,active,1.0,2026-07-27,2026-07-27,,,legal_risk,L1,拆分为A12-001a(医疗效果背书)和A12-001b(普通审美参考)
R-A12-001b,普通审美风格参考(不涉及医疗效果),A12,用户评价代言和推荐证明,"仅提及审美偏好或风格参考如\""XX明星同款风格\""\""类似XX的自然感\""，不涉及具体医疗项目、效果承诺或背书。需确保不暗示该人接受过特定医美治疗。",检测审美/风格参考未指向具体医疗项目且未声称该人使用了该医美服务。若暗示或可合理推断为使用了某项目则归入A12-001a。,not_applicable,low,law,医疗美容,commercial_recommendation,暗示某公众人物使用了特定医美项目,纯粹美学风格参考，不涉及具体项目,,,pass,true,,false,中,已审核,,active,1.0,2026-07-27,2026-07-27,,,expression_risk,L4,需严格把关是否暗示该人使用过医美服务
R-A14-001,小红书医美内容平台限制,A14,平台特定违规,小红书平台禁止在笔记、直播、电商中推广三品一械及医疗美容相关服务。具体限制因产品线(自然内容/商业合作/聚光广告/电商直播)不同而有所差异。,检测在小红书语境中涉及医美项目/器械/药品/效果的推广内容,platform_prohibited,high,platform_rule,医疗美容,medical_advertisement,小红书平台上任何涉及医美推广的内容(具体范围依产品线而定),经平台认证账号的合规机构介绍(限非推广性质的客观信息);健康科普(符合科普要求且不涉及推广),小红书商业合作资质、聚光广告开户资质,医疗机构执业许可证,mandatory_human_review,false,人工审核,true,中,已审核,,active,1.0,2026-07-27,2026-07-27,,,platform_risk,L2,平台规则线索来源，待从官方规则中心抓取原文后更新source_id为正式来源
R-A16-001,以科普/探店/案例分享名义未标识广告,A16,广告识别与商业属性披露,以健康科普、探店体验、案例分享等名义发布内容，实际存在商业推广目的且未显著标明广告。S0011第八条列出资质科普中可能被认定广告的行为。,检测:1)科普/答疑/知识分享语境中嵌入机构名称+项目推荐+预约/购买链接;2)探店/体验分享中突出某机构+效果描述+引导消费;3)内容页存在跳转链接/联系方式/优惠信息但未标广告,uncertain,high,regulatory_guideline,医疗美容,uncertain,以非广告形式发布实际为商业推广的医美内容且未标明广告,经审核的真实科普内容(不含商业推广要素)、合规标注的广告内容,内容发布者与机构的关系证明、是否有对价支付,,mandatory_human_review,false,人工审核,true,中,已审核,,active,1.0,2026-07-27,2026-07-27,,,content_nature,L2,需结合S0011广告认定指南第六条/第八条判断是否构成广告
R-A01-003,极限程度副词修饰医美效果,A01,绝对化及最高级表达,使用极、超级、无敌、逆天、惊人、不可思议等极限程度副词直接修饰医美效果或体验，构成夸大宣传。虽不直接使用'最'字，但语义等价于最高级表达。,检测副词(极/超级/无敌/逆天/惊人/不可思议/难以置信/绝了)+医美效果词(效果/变化/改善/提升)的组合。区分日常用语与医美广告语境。,conditionally_prohibited,high,law,医疗美容,medical_advertisement,广告/推广中修饰医美效果、变化程度,主观感受描述且非商业推广(如'做完心情超级好'),,,mandatory_human_review,false,改为客观信息;人工审核,true,高,已审核,,active,1.0,2026-07-27,2026-07-27,,,expression_risk,L2,与'最'字不同，但语义等价；需结合广告认定指南判断发布场景
R-A01-004,行业地位绝对化表达,A01,绝对化及最高级表达,使用行业标杆、领军品牌、领先者、领跑者、佼佼者等暗示企业在行业中排名第一或处于绝对领先地位的表达。构成引人误解的虚假宣传风险。,检测行业/市场+标杆/领军/领先/领跑/翘楚/佼佼者/龙头等词汇的组合,conditionally_prohibited,high,law,医疗美容,medical_advertisement,广告中无第三方权威排名支撑的行业地位宣传,有明确官方或权威第三方排名且标明出处,权威第三方发布的行业排名或市场报告原件,,request_evidence,false,补充证明材料;改为客观信息,true,高,已审核,,active,1.0,2026-07-27,2026-07-27,,,expression_risk,L3,
R-A01-005,全称量化/无一例外型表达,A01,绝对化及最高级表达,使用所有、任何、无一例外、百分百、每个人都适合等全称量词覆盖医美服务适用对象，暗示治疗对所有人有效或适合所有人。构成绝对化功效暗示。,检测所有/任何/无一例外/每个人都+适合/有效/满意/能做的组合;注意日常用语(如'有任何疑问请咨询')需排除,explicitly_prohibited,critical,law,医疗美容,medical_advertisement,广告中覆盖医美服务适用范围的全称量化,非功效类全称(如'有任何疑问可咨询'),,,block,false,删除主张;增加个体差异说明,true,高,已审核,,active,1.0,2026-07-27,2026-07-27,,,expression_risk,L2,交叉A02功效承诺，侧重全称量化逻辑
R-A01-006,排斥竞争性绝对化,A01,绝对化及最高级表达,使用绝无仅有、无人能及、无可匹敌、无出其右、独一无二等完全排斥任何竞争对手的表达。隐含唯一性和最高级。,检测四字格:绝无仅有/无人能及/无可匹敌/无出其右/独一无二/独步天下/鹤立鸡群等,conditionally_prohibited,high,law,医疗美容,medical_advertisement,广告或推广中修饰机构/医生/项目,文学性表达不涉及具体商业竞争(如'每个人都是独一无二的'),,,mandatory_human_review,false,改为客观信息,true,高,已审核,,active,1.0,2026-07-27,2026-07-27,,,expression_risk,L2,反不正当竞争法角度补充
R-A01-007,永恒不变型时间绝对化,A01,绝对化及最高级表达,使用永远、从来、一直、永不过时、经典永恒等时间绝对化词描述医美效果或服务品质，暗示效果具有永久性。,检测永远/从来/一直/永不过时/经典永恒/恒久+效果/美/年轻等组合。与A02-002(time guarantee)交叉，此处侧重绝对化表达维度。,explicitly_prohibited,critical,law,医疗美容,medical_advertisement,广告中时间绝对化修饰效果或品质,品牌理念表达(如'美的追求永无止境')不涉及具体效果,,,block,false,删除主张,true,高,已审核,,active,1.0,2026-07-27,2026-07-27,,,expression_risk,L1,交叉A04，以绝对化维度为主
R-A01-008,完美无瑕型质量绝对化,A01,绝对化及最高级表达,使用完美/毫无瑕疵/无懈可击/天衣无缝/浑然天成等表达，暗示医美效果可以达到绝对完美状态。,检测完美/毫无瑕疵/无懈可击/天衣无缝/浑然天成+与医美效果相关的描述,explicitly_prohibited,critical,law,医疗美容,medical_advertisement,任何对外发布的医美效果描述,无允许场景,,,block,false,删除主张;增加个体差异说明,true,高,已审核,,active,1.0,2026-07-27,2026-07-27,,,expression_risk,L1,
R-A01-009,技术夸大绝对化,A01,绝对化及最高级表达,使用国际领先、全球顶尖技术、黑科技、革命性突破、划时代等表达夸大技术先进性。无法验证的技术绝对化可构成虚假宣传。,检测国际领先/全球顶尖/黑科技/革命性/划时代/颠覆性+技术/设备/仪器等;注意区分新闻媒体报道中的客观评价(需有出处和证据),conditionally_prohibited,high,law,医疗美容,medical_advertisement,广告中无权威技术认证支撑的夸大宣传,有权威第三方技术评估或专利证书且准确引用,国家/国际权威技术认证证书或专利证书,,request_evidence,false,补充证明材料;改为客观技术参数,true,高,已审核,,active,1.0,2026-07-27,2026-07-27,,,expression_risk,L3,
R-A01-010,零差评型口碑绝对化,A01,绝对化及最高级表达,使用零差评、有口皆碑、人人称赞、好评如潮、清一色好评等表达暗示全部用户满意，构成无法验证的绝对化口碑宣传。,检测零差评/有口皆碑/人人称赞/好评如潮/清一色/一致好评/满屏好评等;注意真实平台评分不可篡改展示不在此限,conditionally_prohibited,high,law;regulatory_guideline,医疗美容,medical_advertisement,广告中宣传全部用户零差评/全好评,展示真实可验证的第三方平台评分(附链接和截图日期),第三方平台原始评分数据及评定时间,,request_evidence,false,补充证明材料;删除主张,true,高,已审核,,active,1.0,2026-07-27,2026-07-27,,,expression_risk,L3,
R-A01-011,'首家/独家/唯一授权'型排他性表达,A01,绝对化及最高级表达,使用全国首家、独家技术、唯一授权、XX地区唯一等排他性表达，暗示技术或资质的排他性。无法提供官方排他授权证明则构成虚假宣传。,检测首家/独家/仅此一家/唯一授权/唯一指定/XX地区唯一(+机构/技术/设备/认证)。注意区分已取得官方特许或独家授权的客观陈述(需证据)。,conditionally_prohibited,high,law,医疗美容,medical_advertisement,无官方排他性授权文件的独家宣传,持有官方出具的排他性授权/特许经营/区域唯一代理证明且明确标注,官方出具的排他性授权书或特许经营批文,排他授权或特许经营资质,request_evidence,false,补充证明材料,true,高,已审核,,active,1.0,2026-07-27,2026-07-27,,,expression_risk,L3,
R-A01-012,最高级比较结构(比任何XX都好),A01,绝对化及最高级表达,使用'比任何XX都好/都有效/都安全'等全称比较结构，虽无'最'字，但通过'任何'实现最高级比较效果。,检测比任何+都好/都有效/都安全/都快/都XX;比所有+都好/都XX,explicitly_prohibited,critical,law,医疗美容,medical_advertisement,任何商业广告语境,无,,,block,false,删除主张;改为客观比较,true,高,已审核,,active,1.0,2026-07-27,2026-07-27,,,expression_risk,L1,
R-A02-003,量化功效承诺,A02,医疗功效承诺,使用具体数字承诺医美效果(缩小X毫米/提升X%/消除X%)，属于功效保证。广告法第十六条禁止功效断言。,检测数字+单位(毫米/厘米/度/%)+改善/提升/缩小/消除/淡化等效果词组合,explicitly_prohibited,critical,law,医疗美容,medical_advertisement,任何对外发布的医美效果量化承诺,经审批的医疗器械说明书中的客观参数(非广告),,,block,false,删除主张,true,高,已审核,,active,1.0,2026-07-27,2026-07-27,,,medical_efficacy_risk,L1,
R-A02-004,比价/倍数式功效表达,A02,医疗功效承诺,使用'效果是XX的N倍''比XX方式好得多''远超传统方法'等比价式功效表达，间接但明确地保证效果优越性。,检测效果/恢复(速度)+是+N倍/远超/远胜/碾压/甩开+传统/其他/XX方式;比XX好得多/强得多,explicitly_prohibited,critical,law,医疗美容,medical_advertisement,任何商业推广语境,有临床对照试验数据支撑且标注出处的客观比较(需不构成功效保证+有证据),经注册的临床研究方案及数据报告,,block,false,删除主张;补充证明材料,true,高,已审核,,active,1.0,2026-07-27,2026-07-27,,,medical_efficacy_risk,L1,交叉A07需要数据支撑
R-A02-005,无条件/普适型功效表达,A02,医疗功效承诺,使用不管什么情况/无论什么体质/对任何人都管用等无条件功效表达，否认个体差异，强化功效保证。,检测不管/无论/不论+什么/任何(情况/体质/肤质/年龄)+都/一定/肯定+有效/管用,explicitly_prohibited,critical,law,医疗美容,medical_advertisement,任何商业推广,无,,,block,false,删除主张;增加个体差异说明,true,高,已审核,,active,1.0,2026-07-27,2026-07-27,,,medical_efficacy_risk,L1,
R-A02-006,治疗结果断言,A02,医疗功效承诺,使用做完一定XX/必然XX/必定XX/肯定XX等断言句式，对治疗结果做出确定性结论。,检测一定/必然/必定/肯定/绝对+效果变化描述(变美/改善/消失/恢复/变好),explicitly_prohibited,critical,law,医疗美容,medical_advertisement,任何商业推广,无,,,block,false,删除主张;增加个体差异说明,true,高,已审核,,active,1.0,2026-07-27,2026-07-27,,,medical_efficacy_risk,L1,
R-A02-007,治愈/根治型表述,A02,医疗功效承诺,使用治愈/根治/除根/断根/去根等暗示可以彻底消除疾病或问题的表述，属于明示的医疗功效承诺。,检测治愈/根治/除根/断根/去根/根除+疾病/问题/症状名,explicitly_prohibited,critical,law,医疗美容,medical_advertisement,任何商业推广,经审批的药品说明书功能主治表述(非广告),,,block,false,删除主张;改为客观信息,true,高,已审核,,active,1.0,2026-07-27,2026-07-27,,,medical_efficacy_risk,L1,
R-A02-008,反转性/逆生长型功效表达,A02,医疗功效承诺,使用逆龄/回春/重返XX岁/时光倒流/逆袭/逆生长等暗示可以实现与自然规律相反效果的表达。缺乏科学依据，构成引人误解的宣传。,检测逆龄/回春/重返XX岁/时光倒流/逆袭/逆生长/年龄倒转+效果描述,explicitly_prohibited,critical,law,医疗美容,medical_advertisement,任何商业推广,文学性表达不涉及医美效果承诺(如'心态逆龄'),,,block,false,删除主张,true,高,已审核,,active,1.0,2026-07-27,2026-07-27,,,medical_efficacy_risk,L1,交叉A13伪科学
R-A02-009,替代手术型功效表达,A02,医疗功效承诺,使用不用开刀就能达到手术效果/替代整形手术/不开刀媲美手术等表达，暗示非手术项目可以达到外科手术的效果。构成夸大功效。,检测不用/无需/替代+手术/开刀+就/也+能/可以+达到/实现/媲美+效果,explicitly_prohibited,critical,law,医疗美容,medical_advertisement,任何商业推广,不涉及效果比较的手术与非手术适应症客观说明,,,block,false,删除主张;改为客观说明适用范围,true,高,已审核,,active,1.0,2026-07-27,2026-07-27,,,medical_efficacy_risk,L1,
R-A02-010,'宛如天生/自然天成'类完美功效类比,A02,医疗功效承诺,使用宛如天生/自然天成/就像没做过一样/妈生XX等表达，暗示医美效果可以与自然状态无区别，等同于完美效果承诺。,检测宛如天生/自然天成/就像没做过/妈生/天生的/原生的+部位/效果描述,explicitly_prohibited,critical,law,医疗美容,medical_advertisement,任何商业推广中描述医美效果,不涉及效果描述的审美偏好表达,,,block,false,删除主张,true,高,已审核,,active,1.0,2026-07-27,2026-07-27,,,medical_efficacy_risk,L1,
R-A02-011,堆砌/叠加型功效表达,A02,医疗功效承诺,通过大量堆砌多个功效词(不仅XX还YY甚至ZZ)形成暗示该医美项目全能效果的印象。单个功效可能不构成明示保证，但叠加后形成综合功效承诺。,检测'不仅+功效A+还+功效B+甚至+功效C'等多重功效堆叠句式;或连续3个以上功效词并列(提拉、紧致、美白、嫩肤、祛皱……),conditionally_prohibited,high,law,医疗美容,medical_advertisement,广告中过度堆砌功效,经审批的广告审查证明批准范围内的功效描述(不得超出),广告审查证明(含功效描述审批),,mandatory_human_review,false,人工审核,true,中,已审核,,active,1.0,2026-07-27,2026-07-27,,,medical_efficacy_risk,L2,组合风险：单项风险中等但叠加后风险升高
R-A02-012,超预期型功效暗示,A02,医疗功效承诺,使用效果超乎想象/惊喜不断/远超预期等表达，暗示实际效果将超出消费者合理的医疗预期，变相保证效果优越。,检测效果+超乎想象/超出预期/惊喜/惊艳/意想不到+好/棒/满意/完美,explicitly_prohibited,critical,law,医疗美容,medical_advertisement,任何商业推广中描述效果,无,,,block,false,删除主张;增加个体差异说明,true,高,已审核,,active,1.0,2026-07-27,2026-07-27,,,medical_efficacy_risk,L1,
R-A03-003,安全性比较,A03,安全性和无风险承诺,使用比XX安全/比其他方式风险低/更安全的选择等通过比较贬低其他方式安全性的表达，间接承诺自身安全。,检测比+XX(方式/产品/机构)+安全/放心/可靠;更安全/最安全的选择,explicitly_prohibited,critical,law,医疗美容,medical_advertisement,任何商业推广,有临床安全数据支撑且不构成绝对安全承诺的客观比较(需人工审核),经注册的临床安全性研究数据,,block,false,删除主张;补充证明材料,true,高,已审核,,active,1.0,2026-07-27,2026-07-27,,,medical_efficacy_risk,L1,
R-A03-004,轻描淡写型安全暗示,A03,安全性和无风险承诺,使用就像打针一样/比打针还简单/跟做面膜差不多等将医疗美容项目类比为日常简单操作的表达，弱化医疗风险感知。,检测就像/跟XX一样/比XX还简单+日常行为(打针/做面膜/按摩/化妆)的类比;暗示医疗美容风险可忽略,explicitly_prohibited,critical,law,医疗美容,medical_advertisement,任何商业推广中将医美项目类比为日常活动,无,,,block,false,删除主张;客观说明项目性质,true,高,已审核,,active,1.0,2026-07-27,2026-07-27,,,medical_efficacy_risk,L1,
R-A03-005,免担忧/放宽心型安全暗示,A03,安全性和无风险承诺,使用不用担心/完全放心/闭着眼睛都能做/害怕是多余的等表达，暗示消费者无需对治疗安全有任何担忧。,检测不用担心/放心/安心/害怕是多余的/瞎担心+治疗/项目/手术;闭着眼睛都能做/随便做,explicitly_prohibited,critical,law,医疗美容,medical_advertisement,任何商业推广,无,,,block,false,删除主张;改为客观风险说明,true,高,已审核,,active,1.0,2026-07-27,2026-07-27,,,medical_efficacy_risk,L1,
R-A03-006,零影响生活型恢复承诺,A03,安全性和无风险承诺,使用做完就能上班/不影响工作/第二天就能化妆/做完就能约会等暗示治疗对日常生活完全无影响的表达。属于隐性安全承诺。,检测做完+就/就能/马上可以+正常活动(上班/化妆/约会/逛街/运动);不影响+工作/生活/学习,conditionally_prohibited,high,law,医疗美容,medical_advertisement,广告中的无恢复期承诺,客观术后护理指导(如'多数人X天后可恢复日常办公'，不构成绝对承诺),,,mandatory_human_review,false,改为客观恢复信息;增加个体差异说明,true,高,已审核,,active,1.0,2026-07-27,2026-07-27,,,medical_efficacy_risk,L2,交叉A04时间承诺
R-A03-007,国际认证安全性暗示,A03,安全性和无风险承诺,使用通过XX国际安全认证/FDA认证/欧盟CE认证安全/符合国际安全标准等暗示设备和产品具有国际级别的安全性保证。认证可能属实，但不能作安全承诺广告。,检测通过/获得+国际/FDA/CE/ISO+认证/批准+安全/可靠;符合国际安全标准,conditionally_prohibited,high,law;department_rule,医疗美容,medical_advertisement,以认证为据进行安全承诺,客观表述认证事实(不引申为安全承诺)，且认证真实有效可验证,认证证书原件及翻译公证件,认证证书,request_evidence,false,改为客观认证陈述;增加安全提示,true,高,已审核,,active,1.0,2026-07-27,2026-07-27,,,medical_efficacy_risk,L2,认证为真也不得用作安全承诺广告
R-A03-008,特殊人群安全性暗示,A03,安全性和无风险承诺,使用孕妇可用/敏感肌绝对安全/哺乳期也可以做等针对特殊人群的安全性暗示。特殊人群本身是高风险群体，此类暗示有严重误导风险。,检测孕妇/哺乳期/敏感肌/过敏体质+可用/能做/安全;经期/备孕期+放心做,explicitly_prohibited,critical,law,医疗美容,medical_advertisement,任何商业推广,由执业医师在诊室内对患者进行个体化的安全评估说明(非广告),,,block,false,删除主张;客观说明禁忌人群,true,高,已审核,,active,1.0,2026-07-27,2026-07-27,,,medical_efficacy_risk,L1,
R-A04-002,即时/立竿见影型效果承诺,A04,效果时间和持续时间承诺,使用做完就能看到/立竿见影/即刻见效/马上看出来等表达，承诺治疗后即刻就能看到效果。属于时间性的功效保证。,检测做完/刚做完/即刻/马上/立刻/当下/当场+就能看到/看出来/见效/变化;立竿见影,explicitly_prohibited,critical,law,医疗美容,medical_advertisement,任何商业推广,无,,,block,false,删除主张;增加个体差异说明,true,高,已审核,,active,1.0,2026-07-27,2026-07-27,,,medical_efficacy_risk,L1,
R-A04-003,效果持续时长担保,A04,效果时间和持续时间承诺,使用效果保持X年/可以维持X年/X年不用再做等表达，对医美效果的持续时间作出确定性担保。,检测保持/维持/持续+X年/个月;X年/个月+不用/不需要+再做/补做,explicitly_prohibited,critical,law,医疗美容,medical_advertisement,任何商业推广,临床研究中观察到的平均维持时间(需标注个体差异且不构成保证),,,block,false,删除主张;增加个体差异说明,true,高,已审核,,active,1.0,2026-07-27,2026-07-27,,,medical_efficacy_risk,L1,交叉A02-002永久有效的短期版本
R-A04-004,加速恢复/特殊体质型时间承诺,A04,效果时间和持续时间承诺,使用恢复速度比别人快/比正常人恢复快一倍/N倍速度恢复等比较性质的恢复时间承诺。,检测恢复+速度+比+快;恢复+快+X倍/一倍;特殊体质恢复快/体质好恢复快,explicitly_prohibited,critical,law,医疗美容,medical_advertisement,任何商业推广,无(个体恢复差异无法预测),,,block,false,删除主张;客观说明一般恢复周期,true,高,已审核,,active,1.0,2026-07-27,2026-07-27,,,medical_efficacy_risk,L1,
R-A04-005,超短期/午休式时间承诺,A04,效果时间和持续时间承诺,使用午休式美容/午饭时间搞定/半小时变美/当天恢复等表达，将医美项目形容为可利用极短碎片时间完成的简单操作。,检测午休/午饭/下午茶/半小时/一小时/X分钟+式/搞定/变美/恢复;当天/隔天+出门/上班,conditionally_prohibited,high,law,医疗美容,medical_advertisement,广告中暗示无恢复期、不占用正常时间,客观描述治疗时长(如'治疗过程约30分钟')不暗示无恢复期,,,mandatory_human_review,false,改为客观时长描述;增加恢复说明,true,高,已审核,,active,1.0,2026-07-27,2026-07-27,,,medical_efficacy_risk,L2,
R-A04-006,年龄倒退型时间承诺,A04,效果时间和持续时间承诺,使用做完年轻X岁/一下子回到X岁/重返青春等表达，承诺治疗后可以实现与年龄相关的效果倒退。,检测年轻/回到/重返+X岁;回到/重返+青春/少女时代;像X岁一样,explicitly_prohibited,critical,law,医疗美容,medical_advertisement,任何商业推广,无,,,block,false,删除主张,true,高,已审核,,active,1.0,2026-07-27,2026-07-27,,,medical_efficacy_risk,L1,交叉A13伪科学
R-A04-007,疗程/次数保证型时间承诺,A04,效果时间和持续时间承诺,使用一个疗程必定见效/X次治疗全好/X次包满意等以治疗次数为保证的效果承诺。,检测(一个/X次)+疗程/次/回+必定/一定/包/保证+见效/治愈/满意/好,explicitly_prohibited,critical,law,医疗美容,medical_advertisement,任何商业推广,无,,,block,false,删除主张;增加个体差异说明,true,高,已审核,,active,1.0,2026-07-27,2026-07-27,,,medical_efficacy_risk,L1,
R-A04-008,特定时段/场景型时间承诺,A04,效果时间和持续时间承诺,使用一周内搞定/本月变美/度假前搞定/婚礼前变美等承诺具体时间节点前达到效果，利用消费者时间焦虑诱导消费。,检测+X天内/前+搞定/变美/恢复;度假/婚礼/聚会/见家长/过年+前+搞定/变美,explicitly_prohibited,critical,law,医疗美容,medical_advertisement,任何商业推广中承诺特定期限前达到效果,无,,,block,false,删除主张;改为建议提前规划的客观提醒,true,高,已审核,,active,1.0,2026-07-27,2026-07-27,,,medical_efficacy_risk,L1,交叉A08价格诱导(焦虑驱动)
R-A07-002,累计病例/手术量数据,A07,荣誉排名和数据宣传,使用已完成X万例/累计案例超X万/每年服务X万人等宣传手术量的表达。数据无法验证则构成虚假宣传;即使数据真实，可能暗示安全性(做得多=安全)构成变相担保。,检测(超过/完成/累计/已做/达)+数字+(例/万台/人次/万人);每年/每日+服务/接诊+数字,conditionally_prohibited,high,law;regulatory_guideline,医疗美容,medical_advertisement,无来源无统计方法的病例数据宣传,有完整统计方法和原始数据、且标注来源和统计日期,院内HIS系统统计报告(经第三方审计)及数据说明,,request_evidence,false,补充证明材料;删除主张,true,高,已审核,,active,1.0,2026-07-27,2026-07-27,,,expression_risk,L2,S0013引证内容执法指南适用
R-A07-003,增长率/复购率数据,A07,荣誉排名和数据宣传,使用年增长XXX%/复购率XX%/回头客占比XX%等动态数据宣传增长趋势。此类数据极易通过选择基数或时间范围操控，必须标明来源、基数和计算方式。,检测年增长/同比增长/复购率/回头率/转介绍率+百分比;增长+X倍,conditionally_prohibited,high,law;regulatory_guideline,医疗美容,medical_advertisement,无来源的增长数据宣传,有第三方审计财务数据或官方统计支撑,经审计的财务或经营数据报告,,request_evidence,false,补充证明材料;删除主张,true,高,已审核,,active,1.0,2026-07-27,2026-07-27,,,expression_risk,L2,
R-A07-004,用户规模/城市排名数据,A07,荣誉排名和数据宣传,使用服务超过XX万人/X城市排名第一/XX地区最大的医美机构等用户规模或地域排名表达。,检测服务超过/为/覆盖+数字+万人/人/客户;X城市/地区+排名/最大/第一/首选+医美/整形,conditionally_prohibited,high,law;regulatory_guideline,医疗美容,medical_advertisement,无来源无法验证的规模和排名,有权威第三方发布的城市排名或市场报告,第三方发布的排名报告或市场研究报告,,request_evidence,false,补充证明材料;删除主张,true,高,已审核,,active,1.0,2026-07-27,2026-07-27,,,expression_risk,L2,
R-A07-005,媒体背书型数据宣传,A07,荣誉排名和数据宣传,使用CCTV报道/XX电视台推荐/被XX媒体报道/上过XX节目等以媒体曝光或报道暗示专业认可和市场地位。媒体报道不等于疗效和质量背书。,检测XX(媒体名)+报道/推荐/采访/上榜;登上+XX节目/频道;央视/卫视/权威媒体+认可/推荐,conditionally_prohibited,high,law,医疗美容,medical_advertisement,利用媒体报道作疗效或资质背书,客观陈述'XX媒体曾对本机构进行过新闻报道'(附报道链接且不引申为认可),媒体报道原文链接及发布时间,,mandatory_human_review,false,补充证明材料;改为客观信息,true,高,已审核,,active,1.0,2026-07-27,2026-07-27,,,expression_risk,L2,S0012十五条:不得以新闻报道形式变相发布广告
R-A07-006,奖项/认证/示范单位,A07,荣誉排名和数据宣传,使用获得XX大奖/评为XX示范单位/XX级重点学科等荣誉或认证。奖项可能真实，但需标明颁发机构和时间;无法验证则构成虚假宣传。,检测获得/荣获/被评为/授予+XX奖/XX称号/示范单位/重点学科/优秀;XX认证/XX评定,conditionally_prohibited,high,law,医疗美容,medical_advertisement,无证据或过期无效的奖项宣传,有官方颁发文件且在有效期内的奖项，明确标注颁发机构和时间,奖项证书/牌匾照片及颁发机构可验证信息,,request_evidence,false,补充证明材料,true,高,已审核,,active,1.0,2026-07-27,2026-07-27,,,expression_risk,L3,
R-A07-007,市场占有率/行业排名数据,A07,荣誉排名和数据宣传,使用市场占有率XX%/医美行业X强/国内X大品牌等涉及市场占有和行业排名数据。需标明数据来源、统计范围和时间。,检测市场占有率/市场份额+百分比;行业+前X/第X/X强/X大/X品牌;行业排名,conditionally_prohibited,high,law;regulatory_guideline,医疗美容,medical_advertisement,无来源的占有率和排名,有权威第三方市场研究报告支撑且标明出处和截止日期,第三方市场研究机构出具的排名报告,,request_evidence,false,补充证明材料;删除主张,true,高,已审核,,active,1.0,2026-07-27,2026-07-27,,,expression_risk,L2,
R-A07-008,消费者调研/满意度数据,A07,荣誉排名和数据宣传,使用XX%客户推荐/满意度调查显示XX%/客户好评率XX%等基于消费者调研的数据。调研方法、样本量、调查时间必须透明可验证。,检测客户/消费者/用户+满意度/好评率/推荐率/选择率+百分比;调查显示/调研发现+XX%,conditionally_prohibited,high,law;regulatory_guideline,医疗美容,medical_advertisement,无法验证调研方法论的满意度数据,有完整调研方案、样本量和原始数据的第三方调研报告,第三方调研机构出具的完整调研报告,,request_evidence,false,补充证明材料;删除主张,true,高,已审核,,active,1.0,2026-07-27,2026-07-27,,,expression_risk,L2,
R-A07-009,专利/进口/原研数据,A07,荣誉排名和数据宣传,使用拥有X项专利/X国进口/X国原研/获得国家专利等技术和来源数据。专利和进口本身不等于效果和安全性优越。,检测拥有/获得+X项/多个+专利/国家专利/发明专利;X国+进口/原研/原装;XX技术+专利号,conditionally_prohibited,medium,law;regulatory_guideline,医疗美容,medical_advertisement,以专利数量或进口来源暗示效果优越,如实标注专利号和专利名称、如实标注进口注册证号，不引申为效果承诺,专利证书/进口医疗器械注册证,对应专利或注册证,request_evidence,false,补充证明材料;改为客观标注,true,中,已审核,,active,1.0,2026-07-27,2026-07-27,,,expression_risk,L3,
R-A07-010,学术/科研地位数据,A07,荣誉排名和数据宣传,使用发表X篇SCI论文/参与X项国家标准制定/X个临床研究基地等学术和科研数据暗示专业领先地位。需真实可验证，且不引申为临床效果保证。,检测发表/SCI/核心期刊+数字+篇;参与/主持+数字+项+国家级/省部级+课题/标准/指南;临床研究/教学基地,conditionally_prohibited,medium,law,医疗美容,medical_advertisement,虚构或夸大科研数据、以科研数据直接推导临床效果,有真实论文/课题/标准可查的客观学术成果展示(不引申为效果保证),论文检索号/课题立项书/标准文本,,request_evidence,false,补充证明材料;改为客观信息,true,中,已审核,,active,1.0,2026-07-27,2026-07-27,,,expression_risk,L3,
R-A05-003,变相对比：时间线/日记式效果展示,A05,效果对比和案例证明,使用'第1天/第7天/第30天'时间线或日记式记录展示治疗过程变化，虽未使用'前后对比'字样，但实质仍为效果对比展示。以时间序列呈现形态变化等同于术前术后对比。,检测时间线格式(第X天/Day X/X天后/一周后/一个月后)+形态变化描述(红肿消退/变细/变白/恢复/变化)，判断是否构成效果对比展示意图。,explicitly_prohibited,critical,law;regulatory_guideline,医疗美容,medical_advertisement,任何对外发布的时间线效果展示,术后护理指导中仅描述护理行为(如'第3天开始可轻柔清洁')，不描述效果变化,,,block,false,删除主张,true,高,已审核,,active,1.0,2026-07-27,2026-07-27,,,medical_efficacy_risk,L1,变相手法，实质仍为效果对比
R-A05-004,视频/动图形式的术前术后对比,A05,效果对比和案例证明,使用短视频、动图、时间流逝视频(lapse video)等形式展示治疗前后变化。视频形式对比图更具说服力和传播力，但法律禁止逻辑与图片对比相同。,视频内容需独立视觉模型检测，文字层面检测'效果视频/变化过程/恢复全程/蜕变记录'等提示词及视频标题描述。,explicitly_prohibited,critical,law;regulatory_guideline,医疗美容,medical_advertisement,任何对外发布的视频效果对比,无,,,block,false,删除主张,true,高,已审核,,active,1.0,2026-07-27,2026-07-27,,,medical_efficacy_risk,L1,媒体形式不影响违规认定
R-A05-005,效果数据展示型对比,A05,效果对比和案例证明,使用'改善率XX%/满意度XX%/.XX%用户认可'等数据化效果展示替代视觉对比，实质仍为效果证明。数据来源无法验证时构成虚假宣传，即使数据属实也属于利用统计资料作效果证明。,检测改善率/有效率/满意度/认可率+百分比(指向具体项目效果的)，判断是否用于证明特定项目效果。,explicitly_prohibited,critical,law;regulatory_guideline,医疗美容,medical_advertisement,任何用于证明具体项目效果的数据展示,不指向具体项目效果的通用客户服务满意度(如'XX%客户对服务态度满意'),,,block,false,删除主张,true,高,已审核,,active,1.0,2026-07-27,2026-07-27,,,medical_efficacy_risk,L1,交叉A07数据宣传和A05对比展示
R-A05-006,暗示型/间接对比(你看人家做了XX),A05,效果对比和案例证明,使用'你看人家做了XX后的样子/人家做完的变化/对比一下你就知道了'等暗示性表达引导用户想象效果对比，虽未直接展示对比图，但语义上引导效果对比联想。构成变相效果对比展示。,检测你看/看看/对比一下/想象一下+人家/别人/她/他+做完/做了+变化/样子/效果等暗示对比句式。,conditionally_prohibited,high,law;regulatory_guideline,医疗美容,medical_advertisement,广告或推广中暗示用户联想效果对比,不指向具体医美效果的审美讨论(如'你看这种风格好不好看'),,,mandatory_human_review,false,人工审核,true,中,已审核,,active,1.0,2026-07-27,2026-07-27,,,expression_risk,L2,语义风险，需结合语境判断
R-A05-007,素人/KOL医美体验分享型案例,A05,效果对比和案例证明,素人或KOL以个人体验分享形式发布医美项目过程记录，常含术前术后变化描述。当分享涉及具体项目效果变化时，实质为患者见证，构成利用患者名义作证明。不论是否标注'个人体验'，涉及疗效描述的分享同样违规。,检测个人体验/亲测/分享/日记/记录+项目名称+效果变化描述的组合。区分纯流程分享(不涉及效果描述)与效果证明型分享。,explicitly_prohibited,critical,law;regulatory_guideline,医疗美容,medical_advertisement,涉及具体项目效果变化的体验分享,仅描述服务流程和体验感受的分享(如'面诊流程/咨询体验/服务态度')，不涉及效果描述,,,block,false,删除主张,true,高,已审核,,active,1.0,2026-07-27,2026-07-27,,,medical_efficacy_risk,L1,'个人体验'标注不改变违规性质
R-A06-003,虚构/冒充医生资质,A06,医生和机构资质宣传,虚构或冒充执业医师资质，如冒用他人执业证书编号、伪造职称、虚构从业经历等。属于虚假广告中最严重的情形，可能涉及刑事欺诈。,检测医生介绍中的资质声称是否与国家卫健委执业医师注册信息可验证匹配。重点关注:证书编号格式异常/职称与注册范围不符/从业年限超出合理范围。,explicitly_prohibited,critical,law;criminal_law,医疗美容,medical_advertisement,任何虚构资质的宣传,无,国家卫健委执业医师注册信息系统验证截图,真实执业医师资格证,block,false,删除主张;报警,true,高,已审核,,active,1.0,2026-07-27,2026-07-27,,,legal_risk,L1,涉嫌欺诈时需升级处理
R-A06-004,擅自使用学术头衔/荣誉称号,A06,医生和机构资质宣传,未经授权或未取得相应资质，擅自使用学术头衔或荣誉称号，如'XX学会会长/XX学科带头人/XX大学特聘教授/XX协会理事'等。即使头衔真实，在广告中使用仍需确保可验证且不暗示医疗效果优越。,检测学会/协会/学科/大学+会长/理事/带头人/特聘/教授/委员等学术头衔修饰医生。区分真实可验证头衔与虚构/过期头衔。,conditionally_prohibited,high,law,医疗美容,medical_advertisement,无法验证或虚构的学术头衔;真实头衔但暗示效果优越,真实可验证的学术头衔且客观列明(如'中华医学会XX分会会员，编号XXX')，不暗示医疗效果,相关学会/协会/机构出具的在职证明或会员证,,request_evidence,false,补充证明材料;改为客观信息,true,高,已审核,,active,1.0,2026-07-27,2026-07-27,,,legal_risk,L3,
R-A06-005,非执业医师以专家身份推介,A06,医生和机构资质宣传,非执业医师(如咨询师/培训师/美容师/网红)以专家、医生、老师等身份从事医美推介或诊断推荐。违反S0005医师法第十六条关于非医师行医的禁止性规定，S0012第十一条禁止利用医务人员名义推荐。,检测自称或暗示为专家/医生/老师/导师+给出诊断或项目推荐。需交叉验证自称身份是否与执业医师注册信息匹配。,explicitly_prohibited,critical,law;department_rule,医疗美容,medical_advertisement,任何非执业医师以专家身份进行医美推介,无,,,block,false,删除主张;报警,true,高,已审核,,active,1.0,2026-07-27,2026-07-27,,,legal_risk,L1,涉嫌非法行医时需升级处理
R-A06-006,资质过期/未更新仍宣传,A06,医生和机构资质宣传,使用已过期或未更新的资质信息进行宣传，如展示过期的认证证书、已注销的执业许可证、失效的审查证明等。过期资质宣传等同于虚假资质宣传。,检测宣传中提及的资质是否标注有效期且在有效期内。重点关注:认证/注册证/执业许可证+无有效期/有效期已过。,explicitly_prohibited,high,law,医疗美容,medical_advertisement,使用过期资质进行宣传,真实有效且在有效期内的资质信息，明确标注有效期截止日期,相关资质的最新有效期证明,,request_evidence,false,补充证明材料;删除过期信息,true,高,已审核,,active,1.0,2026-07-27,2026-07-27,,,legal_risk,L2,
R-A06-007,虚构或夸大合作关系,A06,医生和机构资质宣传,虚构或夸大与知名医院、大学、科研机构的合作关系，如'与XX医院战略合作/XX大学附属医院/XX科研机构联合研发'等。无法提供合作协议则构成虚假宣传。,检测与XX(医院/大学/研究所/机构)+合作/战略合作/联合/附属/研发/共建等合作关系表述。,conditionally_prohibited,high,law,医疗美容,medical_advertisement,无法提供正式合作协议的合作关系宣传,有正式合作协议或合同且可验证的合作关系陈述,正式合作协议或合同原件,,request_evidence,false,补充证明材料;删除主张,true,高,已审核,,active,1.0,2026-07-27,2026-07-27,,,legal_risk,L2,
R-A10-002,线上问诊/远程诊断型建议,A10,医疗诊断和个体化治疗建议,通过线上文字/语音/视频问诊形式，对用户进行诊断或给出个体化治疗建议。远程医疗需符合互联网诊疗管理规定，非执业医师或非合规平台的远程诊断同样违规。S0014第四条(二)禁止向未取得许可证的机构提供导购咨询。,检测线上/远程/网络+问诊/面诊/诊断/建议+治疗方案/项目推荐的组合。判断是否由合规执业医师在合规平台进行。,conditionally_prohibited,high,department_rule;administrative_regulation,医疗美容,diagnosis_communication,非执业医师的远程诊断;非合规平台的医疗咨询导购,合规执业医师在合规互联网诊疗平台上按规范进行的初诊(需符合互联网诊疗管理办法),互联网诊疗平台资质证明、执业医师注册信息,执业医师资格+互联网诊疗平台备案,mandatory_human_review,false,改为建议到院面诊,true,高,已审核,,active,1.0,2026-07-27,2026-07-27,,,legal_risk,L2,
R-A10-003,社群/直播中群体性诊断推荐,A10,医疗诊断和个体化治疗建议,在社群或直播场景中对多名用户同时进行诊断或给出治疗建议，如'脸上有斑的姐妹做XX/毛孔粗大就做XX/法令纹深适合XX'。群体性诊断虽然不针对特定个体，但仍构成医疗诊断建议的对外发布。,检测脸上有XX的+就/适合/应该+做XX(项目)等群体指向型诊断推荐句式;直播/社群语境中批量推荐项目。,explicitly_prohibited,critical,department_rule,医疗美容,medical_advertisement,任何非执业医师在社群/直播中的群体性诊断推荐,执业医师在合规平台上的健康科普(不给出个体化诊断结论),,,block,false,改为建议到院由执业医师面诊评估,true,高,已审核,,active,1.0,2026-07-27,2026-07-27,,,legal_risk,L1,
R-A10-004,AI/算法自动推荐治疗方案,A10,医疗诊断和个体化治疗建议,使用AI诊断、智能面诊、算法推荐等自动化系统为用户提供个体化治疗方案推荐。当前AI辅助诊断在医美领域尚无合规法律框架，自动推荐治疗方案可能构成非法诊断。,检测AI诊断/智能面诊/算法推荐/系统匹配+项目/方案/治疗等自动推荐表述。,conditionally_prohibited,high,department_rule;administrative_regulation,医疗美容,diagnosis_communication,AI系统自动给出确定性诊断结论或具体项目推荐,AI仅作为执业医师辅助工具(最终诊断由执业医师确认);AI仅提供项目科普信息(不构成诊断),,,mandatory_human_review,false,改为建议到院由执业医师面诊评估,true,中,已审核,,active,1.0,2026-07-27,2026-07-27,,,legal_risk,L2,AI医美诊断的法律框架尚在建设中
R-A10-005,术前必做/不做就XX型强制建议,A10,医疗诊断和个体化治疗建议,使用'你一定要做XX/不做XX会越来越严重/不治疗就XX'等强制性建议表达，将非必要的医美项目包装为必须治疗，构成诊断建议与焦虑制造的双重违规。,检测一定要/必须做/不做会/不治疗就+越来越/会恶化/更严重等强制建议句式。,explicitly_prohibited,critical,law;department_rule,医疗美容,medical_advertisement,任何强制型治疗建议,无,,,block,false,删除主张;改为建议到院评估,true,高,已审核,,active,1.0,2026-07-27,2026-07-27,,,legal_risk,L1,交叉A09焦虑制造
R-A10-006,症状对应项目速查表/诊断对照表,A10,医疗诊断和个体化治疗建议,发布症状-项目对照表、诊断速查表等将特定容貌特征或症状直接对应到特定医美项目的内容，如'毛孔粗→做XX/法令纹→做XX/黑眼圈→做XX'。相当于批量诊断推荐的表格化版本。,检测表格/列表/对照表/速查表形式中症状(毛孔粗/法令纹/黑眼圈/松弛)+→/对应/推荐+项目名称。,explicitly_prohibited,critical,department_rule,医疗美容,medical_advertisement,任何症状-项目对照表或诊断速查表,执业医师在诊室内使用的个体化评估工具(非公开),,,block,false,删除主张,true,高,已审核,,active,1.0,2026-07-27,2026-07-27,,,legal_risk,L1,
R-A11-002,处方药未标明处方药性质,A11,药品医疗器械和项目宣传,宣传处方药时未标明'本产品为处方药，须凭执业医师处方购买和使用'的警示语。广告法第十五条要求处方药广告必须显著标明警示语。,检测处方药名称(如A型肉毒毒素/利多卡因等)出现在广告内容中且缺少'处方药'警示标注。,explicitly_prohibited,critical,law,医疗美容,medical_advertisement,处方药广告未标明警示语,处方药广告显著标明'本产品为处方药，须凭执业医师处方购买和使用'且附处方药标识,,,block,false,补充处方药警示标注,true,高,已审核,,active,1.0,2026-07-27,2026-07-27,,,legal_risk,L1,
R-A11-003,将化妆品/日用品宣传为具有医疗功效,A11,药品医疗器械和项目宣传,将普通化妆品、护肤品或日用品宣传为具有医疗美容功效，如'XX面膜可以医美级修复/XX精华替代激光治疗/XX护肤品媲美水光针效果'。化妆品不得宣称医疗功效，属于虚假宣传。,检测化妆品/护肤品/日用品名称+医美级/替代/媲美/媲美XX(项目)效果/达到XX(项目)效果等医疗功效类比。,explicitly_prohibited,critical,law,医疗美容,medical_advertisement,任何化妆品宣传医疗功效,化妆品在其备案功效范围内如实宣传(如'保湿/滋润'等已备案功效),,,block,false,删除医疗功效主张,true,高,已审核,,active,1.0,2026-07-27,2026-07-27,,,medical_efficacy_risk,L1,交叉A02功效承诺
R-A11-004,未经审批的进口药品/器械宣传,A11,药品医疗器械和项目宣传,宣传未经中国国家药监局注册审批的进口药品或医疗器械，或以'海外最新/XX国最新上市'等暗示未经审批的海外产品。在中国境内使用未经注册的医疗器械和药品属于违法行为。,检测XX国最新/海外最新/XX国上市/未在国内上市+药品/器械/设备名称。需交叉验证是否持有中国NMPA注册证。,explicitly_prohibited,critical,law;administrative_regulation,医疗美容,medical_advertisement,宣传未取得中国注册证的进口药品或医疗器械,已取得中国NMPA注册证且按注册范围如实宣传的进口产品,中国NMPA医疗器械注册证或药品注册批件,对应注册证,block,false,删除主张;补充注册证信息,true,高,已审核,,active,1.0,2026-07-27,2026-07-27,,,legal_risk,L1,
R-A11-005,注射材料/填充物成分隐瞒或虚假标注,A11,药品医疗器械和项目宣传,隐瞒或虚假标注注射材料或填充物的真实成分，如将未获批准的填充物标注为'玻尿酸'/将工业级材料标注为'医用级'。属于严重的虚假宣传，可能危害消费者安全。,检测注射/填充/植入+材料名称(玻尿酸/胶原蛋白/PLLA等)，判断是否与注册证批准的成分一致。重点关注:成分标注与注册证不符/工业级冒充医用级。,explicitly_prohibited,critical,law;criminal_law,医疗美容,medical_advertisement,任何隐瞒或虚假标注成分的宣传,如实标注产品名称、成分、注册证编号(与注册证一致),医疗器械注册证(含成分信息),对应注册证,block,false,删除主张;补充真实成分信息,true,高,已审核,,active,1.0,2026-07-27,2026-07-27,,,legal_risk,L1,涉及安全危害时需升级处理
R-A11-006,项目名称虚构/混淆规避审查,A11,药品医疗器械和项目宣传,将手术类项目包装为非手术名称以规避广告审查，如将'隆鼻手术'包装为'鼻部精雕护理'、将'吸脂手术'包装为'体态管理塑形'。项目名称混淆导致消费者无法准确了解治疗性质，也规避了医疗广告审查要求。,检测项目名称是否与实际医疗行为性质匹配。重点关注:手术类项目使用护理/管理/保养等非手术词汇包装。,explicitly_prohibited,high,law;department_rule,医疗美容,medical_advertisement,将手术项目包装为非手术名称规避审查,使用经广告审查证明批准的项目名称如实表述,广告审查证明(含项目名称),,mandatory_human_review,false,改为经审查批准的项目名称,true,中,已审核,,active,1.0,2026-07-27,2026-07-27,,,legal_risk,L2,
R-A11-007,禁用药品/器械的变相宣传,A11,药品医疗器械和项目宣传,对国家明令禁止在医美领域使用的药品或器械进行变相宣传，如宣传'奥美定取出修复'(实际暗示奥美定仍可使用)、或以'XX替代方案'名义宣传已被禁用的产品。禁用产品的任何正面宣传均属违法。,检测禁用产品名称(奥美定/骨粉/液态硅胶等)或其替代/修复关联表述在广告中出现。,explicitly_prohibited,critical,law;administrative_regulation,医疗美容,medical_advertisement,任何涉及禁用药品/器械的宣传,合规的取出修复手术客观说明(不宣传禁用产品本身),,,block,false,删除主张,true,高,已审核,,active,1.0,2026-07-27,2026-07-27,,,legal_risk,L1,
R-A12-002,医务人员/专家为机构代言,A12,用户评价代言和推荐证明,医务人员或医学专家以自身专业身份为特定医美机构代言推荐，如'XX教授推荐本院/XX医生认证XX机构'。S0012第十一条明确禁止利用医务人员或医学专家名义作推荐证明。,检测XX(教授/医生/专家/主任)+推荐/认证/代言+机构/项目名称。,explicitly_prohibited,critical,law;regulatory_guideline,医疗美容,medical_advertisement,任何医务人员/专家为医美机构的代言推荐,无,,,block,false,删除主张,true,高,已审核,,active,1.0,2026-07-27,2026-07-27,,,legal_risk,L1,
R-A12-003,网红/KOL隐性代言(未标注广告关系),A12,用户评价代言和推荐证明,网红或KOL以'个人体验分享'名义推荐医美项目，实际存在商业合作关系但未标注广告性质。构成隐性代言，违反广告法关于广告应当显著标明'广告'的要求及互联网广告管理办法关于标注广告标识的规定。,检测KOL/网红发布医美项目体验推荐内容，判断是否标注了广告/商业合作标识。重点关注:体验分享+项目推荐+未标注广告。,conditionally_prohibited,high,law;administrative_regulation,医疗美容,medical_advertisement,有商业合作关系但未标注广告的代言推荐,显著标注'广告/推广/商业合作'的真实广告内容(且不违反A12-001a关于医疗项目效果背书的禁止),,,mandatory_human_review,false,补充广告标识标注,true,高,已审核,,active,1.0,2026-07-27,2026-07-27,,,content_nature,L2,双重风险:隐性代言+医疗项目效果背书
R-A12-004,虚假/操纵用户评价,A12,用户评价代言和推荐证明,虚构用户评价或操纵评价数据，如刷好评/删差评/雇人写评价/伪造评价截图等。虚假评价构成引人误解的虚假宣传，违反反不正当竞争法第八条。,检测评价数据异常模式(同一时段大量相似好评/评价用户无真实消费记录/评价内容模板化)。系统层面检测，非纯文字检测。,explicitly_prohibited,high,law,医疗美容,user_generated_content,任何虚构或操纵评价的行为,真实可验证的用户评价(未经删改),,,mandatory_human_review,false,删除虚假评价,true,中,已审核,,active,1.0,2026-07-27,2026-07-27,,,content_nature,L2,需数据层面验证，非纯文字层面
R-A12-005,竞品贬低型推荐,A12,用户评价代言和推荐证明,通过贬低竞品来推荐自身服务，如'XX机构不行/别去XX医院/XX项目做完后悔/来我们这里才是对的'。构成不正当竞争中的商业诋毁，同时构成误导性推荐。,检测XX(机构/医院/项目)+不行/差/后悔/坑/别去/千万别+来我们/来本院/做我们的等贬低竞品+推荐自身组合。,explicitly_prohibited,high,law,医疗美容,medical_advertisement,任何贬低竞品的推荐,无,,,block,false,删除贬低主张,true,高,已审核,,active,1.0,2026-07-27,2026-07-27,,,legal_risk,L2,交叉反不正当竞争法商业诋毁
R-A12-006,限时特惠+代言推荐组合诱导,A12,用户评价代言和推荐证明,将限时优惠与代言推荐组合使用形成双重诱导，如'XX明星推荐的XX项目限时特价/今天最后一天XX专家推荐价'。代言推荐增加信任背书，限时优惠制造紧迫感，组合后诱导效力倍增。,检测代言/推荐+限时/特价/最后一天/仅剩/优惠的组合句式。,explicitly_prohibited,critical,law,医疗美容,medical_advertisement,任何代言推荐与价格诱导的组合,无,,,block,false,删除主张,true,高,已审核,,active,1.0,2026-07-27,2026-07-27,,,legal_risk,L1,交叉A08价格诱导和A12代言推荐，组合风险升级
R-A13-001,科学概念滥用(量子/纳米/DNA级等),A13,伪科学和不科学表达,滥用前沿科学概念修饰医美项目或产品，如'量子医美/纳米级修复/DNA级再生/细胞级重塑/基因级抗衰'等。这些概念在医美领域缺乏科学依据或超出实际技术能力，构成伪科学宣传。,检测量子/纳米/DNA/基因/细胞级/分子级/原子级+医美/修复/再生/重塑/抗衰/焕新等组合。区分真实技术描述(如'纳米级颗粒大小'客观参数)与伪科学修饰。,explicitly_prohibited,critical,law,医疗美容,medical_advertisement,任何缺乏科学依据的科学概念滥用,有真实技术参数支撑且可验证的客观描述(如'该器械颗粒平均粒径为XX纳米'),,,block,false,删除主张;改为客观信息,true,高,已审核,,active,1.0,2026-07-27,2026-07-27,,,content_nature,L1,交叉A02功效承诺(A13侧重科学依据缺失维度)
R-A13-002,中医理论歪曲/伪传统医学表达,A13,伪科学和不科学表达,歪曲中医理论为医美项目背书，如'经络疏通可消除皱纹/穴位注射可塑形/气血循环可美白'等。将传统医学概念与现代医美效果挂钩缺乏科学依据，构成伪科学宣传。,检测经络/穴位/气血/阴阳/五行/脏腑+消除/塑形/美白/祛皱/提拉等医美效果挂钩表述。区分合规中医诊疗(有执业中医师资质且在中医诊疗范围内)与伪中医宣传。,conditionally_prohibited,high,law;department_rule,医疗美容,medical_advertisement,歪曲中医理论为医美效果背书,合规执业中医师在中医诊疗范围内的规范表述,,,mandatory_human_review,false,人工审核;删除主张,true,高,已审核,,active,1.0,2026-07-27,2026-07-27,,,content_nature,L2,
R-A13-003,虚构机理/伪科学解释,A13,伪科学和不科学表达,为医美项目虚构或使用伪科学机理解释效果，如'激活休眠细胞/打开皮肤吸收通道/修复DNA断裂/重启细胞代谢引擎'等。这些机理描述缺乏医学文献支撑，构成伪科学宣传。,检测激活/重启/修复/打开/唤醒+休眠细胞/吸收通道/DNA断裂/代谢引擎/自愈系统等虚构机理+医美效果描述。,explicitly_prohibited,critical,law,医疗美容,medical_advertisement,任何缺乏医学文献支撑的虚构机理,有医学文献支撑且可验证的机理描述(需标注文献出处),,,block,false,删除主张;改为客观信息,true,高,已审核,,active,1.0,2026-07-27,2026-07-27,,,content_nature,L1,
R-A13-004,疗效归因伪科学因素(磁场/能量/频率),A13,伪科学和不科学表达,将医美效果归因于伪科学因素，如'磁场修复/能量激活/频率共振/光波疗愈/生物电重塑'等。这些因素在医美领域缺乏科学验证，构成伪科学宣传和虚假功效解释。,检测磁场/能量/频率/光波/生物电/共振/量子场+修复/激活/疗愈/重塑/改善+医美效果描述。,explicitly_prohibited,critical,law,医疗美容,medical_advertisement,任何将医美效果归因于伪科学因素的宣传,有物理学/生物学文献支撑的可验证机理(需标注出处),,,block,false,删除主张,true,高,已审核,,active,1.0,2026-07-27,2026-07-27,,,content_nature,L1,
R-A13-005,伪学术引用/虚假论文引用,A13,伪科学和不科学表达,引用不存在或与内容无关的学术论文为医美项目背书，如'XX大学研究证实/发表于Nature的XX论文/XX院士研究表明'等。虚假引用比无引用更具误导性，构成严重虚假宣传。,检测XX(大学/机构/期刊/院士)+研究证实/论文/研究表明+医美效果表述。需交叉验证引用是否真实存在且与宣称内容相关。,explicitly_prohibited,critical,law,医疗美容,medical_advertisement,任何虚假或无关的学术引用,真实存在且内容相关的学术引用(需标注论文DOI或检索号),论文DOI及检索验证截图,,request_evidence,false,补充证明材料;删除主张,true,高,已审核,,active,1.0,2026-07-27,2026-07-27,,,content_nature,L2,
R-A13-006,偏方/秘方/祖传秘方型宣传,A13,伪科学和不科学表达,使用'祖传秘方/独家偏方/秘制配方/古法/宫廷秘方'等暗示存在神秘或独家医疗方法的宣传。医美项目应基于现代医学科学和经审批的医疗器械/药品，秘方型宣传缺乏科学依据和监管审查。,检测祖传/秘方/偏方/秘制/古法/宫廷/独家配方/传人+医美/美容/塑形/祛皱/美白等组合。,explicitly_prohibited,critical,law,医疗美容,medical_advertisement,任何偏方/秘方型医美宣传,无,,,block,false,删除主张,true,高,已审核,,active,1.0,2026-07-27,2026-07-27,,,content_nature,L1,
R-A08-101,虚构原价、划线价或折扣基准,A08,价格优惠和诱导消费,宣传原价、门市价、划线价或折扣，但该比较价格无真实成交记录、适用条件不一致或无法验证。,识别原价/门市价/日常价/划线价与现价、折扣、限时价的比较，判断比较基准是否真实且条件一致。,conditionally_prohibited,high,department_rule;administrative_regulation,医疗美容,medical_advertisement,使用无真实成交依据的原价、虚构折扣或夸大降价幅度。,真实可验证的比较价格，明确统计时间、交易条件和适用范围。,历史成交记录、价格公示记录、活动方案,,request_evidence,false,补充证明材料;删除虚构比较价格,true,高,待法务复核,,pending_review,1.2,2026-07-27,2026-07-27,补齐v1.1覆盖缺口,S0029,expression_risk,L2,
R-A08-102,低价引流后高价结算或隐藏附加费用,A08,价格优惠和诱导消费,用低价项目吸引到店，但结算时提高价格、强制加购耗材或收取未预先标明的麻醉、材料、护理等费用。,识别低至/仅需/体验价与到店加价、材料费另计、麻醉费另收、必须升级等组合。,explicitly_prohibited,critical,department_rule;administrative_regulation,医疗美容,medical_advertisement,低标高结、标价之外加价或隐藏必要费用。,完整列明项目内容、必要耗材、附加服务、计价方式及不包含项目。,完整价目表和活动细则,,block,false,补充完整价格信息;删除低价引流,true,高,待法务复核,,pending_review,1.2,2026-07-27,2026-07-27,补齐v1.1覆盖缺口,S0029,legal_risk,L1,
R-A08-103,免费体验或赠送治疗条件不透明,A08,价格优惠和诱导消费,宣传免费体验、免费治疗、免费设计等，但未清晰披露名额、适用项目、附加购买、到店条件或其他限制。,识别免费/0元/赠送与项目、治疗、体验、面诊、设计的组合，并检查限制条件。,conditionally_prohibited,high,department_rule;administrative_regulation,医疗美容,medical_advertisement,以免费为噱头但隐藏交易条件或实际无法免费取得。,真实免费且显著说明范围、数量、时限、适用人群和附加条件。,活动方案、履约记录和显著披露截图,,request_evidence,false,补充完整活动条件;删除免费主张,true,高,待法务复核,,pending_review,1.2,2026-07-27,2026-07-27,补齐v1.1覆盖缺口,S0029,expression_risk,L2,
R-A08-104,虚假限时、限量或稀缺性宣传,A08,价格优惠和诱导消费,使用最后一天、仅剩若干名额、错过不再等紧迫性表达，但活动反复延长、库存或名额无法证明。,识别倒计时、最后、仅剩、限量、抢完即止等稀缺性表达并核验真实性。,conditionally_prohibited,high,administrative_regulation;law,医疗美容,medical_advertisement,虚构活动期限、名额、库存或反复延长所谓最后期限。,真实活动期限和名额，可提供内部活动记录并按期结束。,活动审批、名额台账、发布时间与结束记录,,request_evidence,false,补充真实期限和数量;删除虚假稀缺性,true,高,待法务复核,,pending_review,1.2,2026-07-27,2026-07-27,补齐v1.1覆盖缺口,S0010,expression_risk,L2,
R-A08-105,定金、预约金和退款条件隐瞒,A08,价格优惠和诱导消费,诱导支付定金、预约金或锁价款，却未显著说明用途、抵扣方式、退款条件、有效期和违约责任。,识别交定金/预约金/锁价/占位与不退、过期作废、不可取消等条件。,conditionally_prohibited,high,administrative_regulation;law,医疗美容,commercial_recommendation,未充分披露定金性质和退款限制即诱导付款。,以显著方式披露金额、用途、退款规则、有效期和双方责任。,活动条款、合同或付款页面截图,,request_evidence,false,补充退款和有效期说明;暂停诱导付款,true,高,待法务复核,,pending_review,1.2,2026-07-27,2026-07-27,补齐v1.1覆盖缺口,S0010,legal_risk,L2,
R-A08-106,医美贷、零首付和分期弱化成本风险,A08,价格优惠和诱导消费,用零首付、月供很低、轻松变美等方式诱导融资，却弱化利率、服务费、逾期责任、征信影响或贷款主体。,识别医美贷/美容贷/分期/零首付/月供与无压力、无负担、轻松等组合。,conditionally_prohibited,high,law;administrative_regulation,医疗美容,medical_advertisement,弱化融资成本、风险或面向缺乏偿还能力人群诱导借贷。,完整披露年化成本、费用、期限、贷款主体、逾期和征信影响，并不得夸大可负担性。,金融机构资质、费用清单、风险提示文本,金融业务相关资质,mandatory_human_review,false,删除轻率借贷诱导;完整披露成本和风险,true,中,待法务复核,,pending_review,1.2,2026-07-27,2026-07-27,补齐v1.1覆盖缺口,S0010,legal_risk,L2,
R-A08-107,赠品价值虚高或附加条件隐瞒,A08,价格优惠和诱导消费,宣称赠品价值、免费加赠或买一送一，但赠品价值不真实、数量不明确或领取条件被弱化。,识别价值X元、免费送、买一送一、豪华礼包等表达并核验实际售价和条件。,conditionally_prohibited,medium,department_rule;administrative_regulation,医疗美容,medical_advertisement,虚构赠品价值或隐瞒领取、使用、有效期限制。,标明赠品名称、数量、真实当前售价、适用条件和有效期。,赠品销售记录、活动规则,,request_evidence,false,补充赠品条件;删除虚高价值,true,中,待法务复核,,pending_review,1.2,2026-07-27,2026-07-27,补齐v1.1覆盖缺口,S0029,expression_risk,L3,
R-A08-108,套餐捆绑、强制升级或变相强制消费,A08,价格优惠和诱导消费,通过套餐、到店评估、耗材差异等方式迫使消费者购买额外项目或升级版本。,识别必须搭配/不升级没效果/基础版不能做/到店必须加购等表达。,explicitly_prohibited,critical,administrative_regulation;law,医疗美容,diagnosis_communication,强制或变相强制购买额外项目、套餐或服务。,消费者可以自主选择单项或套餐，显著说明差异且不施加不当压力。,套餐说明和单项价目表,,block,false,删除强制措辞;提供清晰可选方案,true,高,待法务复核,,pending_review,1.2,2026-07-27,2026-07-27,补齐v1.1覆盖缺口,S0010,legal_risk,L1,
R-A08-109,不具可比性的价格比较,A08,价格优惠和诱导消费,将不同机构、不同耗材、不同规格、不同服务范围的价格直接比较，制造本机构更便宜的印象。,识别比别家便宜、全城最低、同项目最低等比较，并检查交易条件是否一致。,conditionally_prohibited,high,department_rule;law,医疗美容,medical_advertisement,比较对象、规格、服务内容或时间范围不同却直接比价。,明确比较对象、规格、服务范围、数据来源和统计时间，保证同等条件。,第三方价格数据和比较方法说明,,request_evidence,false,删除无基础比较;补充同等条件和来源,true,高,待法务复核,,pending_review,1.2,2026-07-27,2026-07-27,补齐v1.1覆盖缺口,S0029,expression_risk,L2,
R-A08-110,不合理退款免责或最终解释权条款,A08,价格优惠和诱导消费,使用一经售出概不退款、最终解释权归本店、任何情况不退不换等格式化表达排除消费者法定权利。,识别概不退款/不退不换/最终解释权/过期不退等单方免责措辞。,conditionally_prohibited,high,administrative_regulation;law,医疗美容,commercial_recommendation,通过格式条款不合理免除经营者责任或限制消费者解除、退款和救济权利。,依法、清晰约定取消和退款条件，不排除法定权利。,合同条款和退款政策,,mandatory_human_review,false,删除绝对免责;改为依法适用的退款规则,true,高,待法务复核,,pending_review,1.2,2026-07-27,2026-07-27,补齐v1.1覆盖缺口,S0010,legal_risk,L2,
R-A10-101,承诺到院即可治疗或无需面诊,A10,医疗诊断和个体化治疗建议,客服或运营承诺到院即可做项目、无需面诊或人人适合，绕过执业医师评估和禁忌症筛查。,识别到店就能做/不用面诊/直接安排/人人都适合等确定性安排。,explicitly_prohibited,critical,department_rule;regulatory_guideline,医疗美容,diagnosis_communication,非医师在咨询环节保证治疗资格或跳过面诊。,仅提供预约服务并说明是否适合须由执业医师面诊评估。,,执业医师资格,block,false,改为建议到院由执业医师评估,true,高,待法务复核,,pending_review,1.2,2026-07-27,2026-07-27,补齐v1.1覆盖缺口,S0014,legal_risk,L1,
R-A10-102,客服判断禁忌症或排除风险,A10,医疗诊断和个体化治疗建议,客服根据文字、照片或简单问答判断不存在禁忌症、可以安全治疗或排除疾病风险。,识别你没有禁忌/照片看没问题/这个情况能做/不用担心风险等判断。,explicitly_prohibited,critical,department_rule,医疗美容,diagnosis_communication,非医师判断禁忌症、安全性或治疗可行性。,收集基础信息后转交执业医师评估，不作确定性结论。,,执业医师资格,block,false,删除结论;建议由执业医师面诊评估,true,高,待法务复核,,pending_review,1.2,2026-07-27,2026-07-27,补齐v1.1覆盖缺口,S0014,legal_risk,L1,
R-A10-103,客服建议停药、换药或自行用药,A10,医疗诊断和个体化治疗建议,客服、咨询师或运营人员建议用户停止处方药、调整剂量、购买药物或自行处理症状。,识别停药/减量/换药/吃点XX/涂XX就行等用药建议。,explicitly_prohibited,critical,department_rule;law,医疗美容,diagnosis_communication,非执业医师提供用药、停药或剂量调整建议。,提示用户咨询开药医生或到正规医疗机构就诊。,,医师处方权,block,false,删除用药指令;建议咨询执业医师,true,高,待法务复核,,pending_review,1.2,2026-07-27,2026-07-27,补齐v1.1覆盖缺口,S0014,legal_risk,L1,
R-A10-104,淡化不良反应或阻止及时就医,A10,医疗诊断和个体化治疗建议,对红肿、感染、疼痛、过敏等不良反应一概称正常，要求等待或阻止用户及时就医。,识别都是正常的/忍一忍/不用去医院/过几天就好等对异常症状的笼统处理。,explicitly_prohibited,critical,department_rule;law,医疗美容,diagnosis_communication,未评估症状严重程度即淡化风险或延误就医。,说明无法在线判断；出现持续、加重或紧急症状应及时联系医生或就医。,,医疗专业人员,block,false,改为风险分级提示和及时就医建议,true,高,待法务复核,,pending_review,1.2,2026-07-27,2026-07-27,补齐v1.1覆盖缺口,S0014,legal_risk,L1,
R-A10-105,客服承诺统一恢复期或停工时间,A10,医疗诊断和个体化治疗建议,客服承诺几天恢复、一定不影响工作、周末做周一正常上班等个体化恢复安排。,识别X天恢复/不影响工作/周一正常上班/无需休息等客服承诺。,explicitly_prohibited,critical,law;regulatory_guideline,医疗美容,diagnosis_communication,非医师作出个体恢复期保证。,可介绍一般流程并明确恢复存在个体差异，最终以医生评估为准。,,,block,false,增加个体差异说明;删除确定性时间,true,高,待法务复核,,pending_review,1.2,2026-07-27,2026-07-27,补齐v1.1覆盖缺口,S0001,medical_efficacy_risk,L1,
R-A10-106,未充分了解健康情况即推荐具体项目,A10,医疗诊断和个体化治疗建议,在未了解病史、过敏史、用药史、妊娠哺乳等信息时，直接推荐具体医美项目或套餐。,识别直接建议做XX/最适合XX/首选XX项目等推荐，且上下文缺乏必要评估。,conditionally_prohibited,high,department_rule,医疗美容,diagnosis_communication,缺少必要健康信息仍作具体项目推荐。,提供一般项目科普，建议由执业医师结合完整健康情况评估。,必要健康信息采集记录,执业医师资格,mandatory_human_review,false,改为一般科普;转医生评估,true,中,待法务复核,,pending_review,1.2,2026-07-27,2026-07-27,补齐v1.1覆盖缺口,S0014,legal_risk,L2,
R-A10-107,客服私信发送患者案例或前后对比,A10,医疗诊断和个体化治疗建议,客服在私信、群聊或一对一咨询中发送患者术前术后照片、病例或效果反馈作为说服材料。,识别给你看案例/发你对比图/这是顾客效果/真实术后反馈等私聊表达。,explicitly_prohibited,critical,law;regulatory_guideline,医疗美容,diagnosis_communication,利用患者案例、形象或前后对比证明效果，无论是否公开发布。,仅介绍客观流程、资质与风险；不得以患者案例证明效果。,,,block,false,删除患者案例和效果证明,true,高,待法务复核,,pending_review,1.2,2026-07-27,2026-07-27,补齐v1.1覆盖缺口,S0003,legal_risk,L1,
R-A10-108,在群聊或内部转发用户诊断与健康信息,A10,医疗诊断和个体化治疗建议,将用户照片、病史、诊断、用药或咨询记录转发到无关群聊、朋友圈或非必要人员。,识别转群里看看/发给大家判断/晒聊天记录/病例分享等传播行为。,explicitly_prohibited,critical,law,医疗美容,internal_material,未经授权或超出必要范围传播医疗健康和身份信息。,仅在最小必要范围内由授权人员处理，并进行脱敏和权限控制。,单独同意记录、内部授权与脱敏证明,,block,false,停止传播;脱敏并限制访问,true,高,待法务复核,,pending_review,1.2,2026-07-27,2026-07-27,补齐v1.1覆盖缺口,S0015,privacy_risk,L1,
R-A10-109,客服冒充医生或模糊专业身份,A10,医疗诊断和个体化治疗建议,客服、咨询师、美容师以医生、专家、老师等身份回复，或故意让用户误以为其具备医疗执业资格。,识别我是医生/专家建议/老师看过了/我们专业判断等身份暗示并核验资格。,explicitly_prohibited,critical,law;department_rule,医疗美容,diagnosis_communication,非执业医师冒充或暗示医疗专业身份。,明确表明客服或咨询岗位，不作医疗判断，必要时转接执业医师。,执业医师注册信息,执业医师资格,block,false,明确真实身份;转接执业医师,true,高,待法务复核,,pending_review,1.2,2026-07-27,2026-07-27,补齐v1.1覆盖缺口,S0014,legal_risk,L1,
R-A10-110,对孕产、未成年人等特殊人群直接推荐,A10,医疗诊断和个体化治疗建议,对孕妇、哺乳期、备孕者、未成年人、严重过敏史等特殊人群直接推荐或保证项目安全。,识别孕妇/哺乳期/备孕/未成年/过敏体质与能做、安全、放心等组合。,explicitly_prohibited,critical,law;department_rule,医疗美容,diagnosis_communication,未经专业评估对特殊人群作安全或适用性结论。,提示特殊人群需由执业医师审慎评估，未成年人需依法取得监护人同意。,监护人同意、医疗评估记录,执业医师资格,block,false,删除推荐;提示专业评估,true,高,待法务复核,,pending_review,1.2,2026-07-27,2026-07-27,补齐v1.1覆盖缺口,S0014,legal_risk,L1,
R-A14-101,小红书自然笔记推广医疗美容服务,A14,平台特定违规,在小红书自然笔记中直接推广具体医美机构、项目、药械或效果，并出现预约、价格、联系方式等转化信息。,识别小红书笔记中的机构/项目+效果/价格+预约/私信/到店等商业组合。,platform_prohibited,high,platform_rule,医疗美容,medical_advertisement,自然笔记或个人账号发布具有商业推广目的的医美内容。,符合平台规则的非商业健康科普，且不出现项目推介、效果证明或交易路径。,平台账号资质、商业关系说明,平台认证或行业准入,mandatory_human_review,false,删除商业推广要素;按平台资质和产品线处理,true,中,待法务复核,,pending_review,1.2,2026-07-27,2026-07-27,补齐v1.1覆盖缺口,S0018,platform_risk,L2,
R-A14-102,小红书商业合作未披露或伪装素人分享,A14,平台特定违规,达人或素人接受费用、免费服务、置换或其他利益后发布体验内容，却未按平台要求披露商业合作关系。,识别免费体验/受邀探店/机构安排+推荐、效果、预约，判断是否存在利益关系披露。,platform_prohibited,high,platform_rule;law,医疗美容,commercial_recommendation,存在商业对价或利益关系但伪装为自发体验。,按平台要求完成商业合作报备和广告可识别性披露，且内容本身合法。,合作合同、报备记录和披露截图,平台商业合作资质,mandatory_human_review,false,披露商业关系;按平台合作流程发布,true,高,待法务复核,,pending_review,1.2,2026-07-27,2026-07-27,补齐v1.1覆盖缺口,S0020,platform_risk,L2,
R-A14-103,小红书站外导流和联系方式变体,A14,平台特定违规,通过微信号、手机号、二维码、谐音、拆字、图片水印或评论暗号等方式引导用户站外预约医美服务。,识别V信/薇信/加V/手机号拆分/看主页/评论扣1/二维码等导流表达。,platform_prohibited,high,platform_rule,医疗美容,commercial_recommendation,以直接或规避方式进行站外导流、留资或交易。,使用平台允许的合规留资和交易能力，并满足行业准入要求。,平台准入和留资配置,平台认证,block,false,删除站外导流信息,true,高,待法务复核,,pending_review,1.2,2026-07-27,2026-07-27,补齐v1.1覆盖缺口,S0018,platform_risk,L1,
R-A14-104,小红书医疗健康专业号医生人设或个人姓名违规,A14,平台特定违规,医疗健康、医疗美容机构专业号使用医生个人姓名、医生身份或个人化人设命名，超出平台认证命名规则。,识别机构专业号名称中的医生/博士/主任/专家/老师+个人姓名，并核验主体或商标豁免。,platform_prohibited,medium,platform_rule,医疗美容,service_information,医疗健康专业号打造医生个人账号或使用不支持的个人化昵称。,按认证主体、商标和平台命名规则使用机构或品牌名称。,营业执照、商标和账号认证资料,专业号认证,request_qualification,false,调整账号命名;核验平台认证,true,中,待法务复核,,pending_review,1.2,2026-07-27,2026-07-27,补齐v1.1覆盖缺口,S0019,platform_risk,L3,
R-A14-105,抖音无资质营销医美项目或医疗器械,A14,平台特定违规,账号未完成相应行业认证或不具备医疗机构、药械等资质，却营销具体医美项目、药品或医疗器械。,识别具体项目/药械推广与账号资质状态，判断是否超出认证行业。,platform_prohibited,critical,platform_rule;law,医疗美容,medical_advertisement,无资质账号推广医疗美容服务、药品或医疗器械。,完成平台和法定资质核验，并严格在获准范围内发布。,医疗机构执业许可证、广告审查证明、药械注册资料,平台行业认证和法定资质,block,false,停止推广;补充资质,true,高,待法务复核,,pending_review,1.2,2026-07-27,2026-07-27,补齐v1.1覆盖缺口,S0022,platform_risk,L1,
R-A14-106,抖音直播现场诊断、项目推荐或效果承诺,A14,平台特定违规,直播中根据观众评论、照片或连麦情况判断皮肤问题，推荐具体项目并承诺效果或恢复期。,识别直播语境中的你适合/做XX/几次见效/现场看脸等诊断与转化组合。,platform_prohibited,critical,platform_rule;department_rule,医疗美容,diagnosis_communication,直播中进行群体性或个体化诊断、推荐和效果保证。,进行一般健康科普，不针对个体作诊断或项目推荐。,,医疗健康账号认证及执业人员资质,block,false,删除诊断和项目推荐;改为一般科普,true,高,待法务复核,,pending_review,1.2,2026-07-27,2026-07-27,补齐v1.1覆盖缺口,S0022,platform_risk,L1,
R-A14-107,抖音评论区或私信规避导流交易,A14,平台特定违规,在评论、私信、口播或画面中通过暗号、谐音、主页信息等方式引导站外咨询、支付或预约。,识别扣1/看主页/私信发地址/VX/电话拆分等导流表达。,platform_prohibited,high,platform_rule,医疗美容,commercial_recommendation,绕过平台规则和资质审查进行站外医疗营销。,使用平台允许的企业经营和留资能力，满足准入要求。,平台准入记录,平台认证,block,false,删除规避导流和站外交易信息,true,高,待法务复核,,pending_review,1.2,2026-07-27,2026-07-27,补齐v1.1覆盖缺口,S0022,platform_risk,L1,
R-A14-108,抖音通过谐音拆字规避医疗营销审核,A14,平台特定违规,将医美项目、药械、注射、整形等词语改为拼音、谐音、首字母、符号或图片文字以规避审核。,识别瘦脸真、bo尿酸、热·玛·吉、z针、医mei等规避变体。,platform_prohibited,high,platform_rule,医疗美容,medical_advertisement,有意规避平台审核发布受限医美营销内容。,使用规范名称并按资质和平台规则发布合法内容。,,平台行业资质,block,false,停止规避表达;按规范名称和资质发布,true,高,待法务复核,,pending_review,1.2,2026-07-27,2026-07-27,补齐v1.1覆盖缺口,S0022,platform_risk,L1,
R-A14-109,微信朋友圈个人账号变相发布医疗广告,A14,平台特定违规,机构员工、咨询师或合作人员通过个人朋友圈持续发布项目、价格、效果、预约等商业内容，实际为机构营销。,识别个人口吻+机构/项目+价格/效果+私聊预约的组合，判断发布者与机构关系。,uncertain,high,law;regulatory_guideline;platform_rule,医疗美容,uncertain,以个人账号掩盖机构商业推广目的或规避医疗广告审查。,纯个人生活表达且无商业关系、转化信息和效果证明。,发布者与机构关系、广告审查证明、内容发布安排,,mandatory_human_review,false,按医疗广告认定规则复核;删除推广要素,true,中,待法务复核,,pending_review,1.2,2026-07-27,2026-07-27,补齐v1.1覆盖缺口,S0011,content_nature,L2,
R-A14-110,微信公众号科普内容嵌入预约、优惠或项目推介,A14,平台特定违规,公众号以科普为标题或主体，但嵌入机构、项目、优惠、二维码、电话或预约入口，可能构成变相医疗广告。,识别科普/知识/答疑+项目推介+联系方式/预约/优惠的组合。,uncertain,high,law;regulatory_guideline;platform_rule,医疗美容,uncertain,以科普形式规避医疗广告认定或广告标识、审查要求。,纯科普且无商业推广要素，或依法审查并标识的广告。,广告审查证明、页面完整截图和商业关系说明,医疗广告审查资质,mandatory_human_review,false,删除商业要素或按医疗广告流程发布,true,高,待法务复核,,pending_review,1.2,2026-07-27,2026-07-27,补齐v1.1覆盖缺口,S0002,content_nature,L2,
R-A14-111,微信视频号直播医疗营销、挂链或个体诊断,A14,平台特定违规,视频号或直播中推广医美项目、挂载交易或预约路径，使用患者案例、诊断建议、效果承诺等医疗营销内容。,识别直播/视频号+项目推介+挂链/预约+效果或诊断表达。,platform_prohibited,critical,platform_rule;law,医疗美容,medical_advertisement,不符合平台医疗健康准入、广告审查或直播公约的医美营销。,符合平台认证和法律要求的客观服务信息或一般科普。,平台认证、广告审查证明、直播脚本,平台医疗健康认证,block,false,停止直播推广;补充资质并审核脚本,true,高,待法务复核,,pending_review,1.2,2026-07-27,2026-07-27,补齐v1.1覆盖缺口,S0025,platform_risk,L1,
R-A14-112,微信社群和私信传播患者案例、诊断或强转化话术,A14,平台特定违规,在微信群或私信中批量传播患者案例、前后对比、具体诊断、项目推荐和限时付款话术。,识别群发案例/群内诊断/发照片看/今晚交定金等组合。,explicitly_prohibited,critical,law;department_rule,医疗美容,diagnosis_communication,社群或私信中的患者证明、非医师诊断、隐私传播或强制诱导。,仅提供客观流程、一般科普和预约执业医师面诊服务。,,,block,false,删除案例和诊断;转专业面诊,true,高,待法务复核,,pending_review,1.2,2026-07-27,2026-07-27,补齐v1.1覆盖缺口,S0003,legal_risk,L1,
R-A15-101,未经单独同意公开患者照片或视频,A15,隐私、肖像和个人信息,将患者面部、身体部位、治疗过程照片或视频用于朋友圈、公众号、短视频、海报等宣传，但未取得针对公开传播和营销用途的单独同意。,识别患者/顾客照片、治疗过程、术后视频的公开使用，并核验授权目的、范围、期限和平台。,explicitly_prohibited,critical,law,医疗美容,medical_advertisement,未取得单独同意即公开患者个人图像或可识别视频。,取得明确、具体、可撤回的单独同意，且使用不超出授权目的、平台、期限和范围。,肖像及敏感个人信息单独授权书,,block,false,停止公开;补充有效单独授权,true,高,待法务复核,,pending_review,1.2,2026-07-27,2026-07-27,补齐v1.1覆盖缺口,S0015,privacy_risk,L1,
R-A15-102,术前术后对比素材的隐私与广告双重风险,A15,隐私、肖像和个人信息,发布同一患者术前术后对比，不仅可能构成患者证明和效果对比，也涉及敏感健康信息与肖像公开。,识别术前/术后、前后对比、恢复过程图，并同时触发广告和隐私维度。,explicitly_prohibited,critical,law;regulatory_guideline,医疗美容,medical_advertisement,对外发布患者前后对比及恢复过程资料。,院内诊疗资料在必要范围内使用，或依法用于脱敏学术交流，不作为营销。,患者单独同意、学术用途与脱敏记录,,block,false,删除对比素材;转人工核验,true,高,待法务复核,,pending_review,1.2,2026-07-27,2026-07-27,补齐v1.1覆盖缺口,S0003,privacy_risk,L1,
R-A15-103,公开客户聊天记录或咨询截图,A15,隐私、肖像和个人信息,在宣传内容中展示微信、钉钉、短信、私信等咨询或评价截图，包含头像、昵称、账号、病情、价格或联系方式。,识别聊天截图/客户反馈截图/私信截图等素材，并检查是否可识别个人及是否涉及医疗健康信息。,conditionally_prohibited,high,law,医疗美容,medical_advertisement,未经同意公开可识别聊天记录、评价、健康和交易信息。,取得单独同意并进行充分脱敏，且不得用患者评价证明疗效。,单独同意、脱敏前后对照和使用范围说明,,mandatory_human_review,false,删除或充分脱敏;禁止疗效证明,true,高,待法务复核,,pending_review,1.2,2026-07-27,2026-07-27,补齐v1.1覆盖缺口,S0015,privacy_risk,L2,
R-A15-104,公开病例、诊断、检查和用药信息,A15,隐私、肖像和个人信息,公开患者病历、诊断名称、检查报告、处方、用药史、过敏史或手术记录等医疗健康信息。,识别病历/诊断/检查报告/处方/用药/过敏/手术记录等内容与个人身份的组合。,explicitly_prohibited,critical,law,医疗美容,medical_advertisement,未经单独同意公开医疗健康敏感个人信息。,仅在诊疗必要范围内处理；用于科研教学需依法脱敏并符合相关要求。,单独同意、脱敏和用途说明,,block,false,停止公开;删除身份和健康信息,true,高,待法务复核,,pending_review,1.2,2026-07-27,2026-07-27,补齐v1.1覆盖缺口,S0015,privacy_risk,L1,
R-A15-105,面部、生物识别和私密部位信息处理,A15,隐私、肖像和个人信息,采集或公开高清面部、面部特征分析、声纹、指纹、私密部位影像等生物识别或高度私密信息用于营销、AI分析或案例展示。,识别人脸建模/面部扫描/AI测脸/私密照片/声纹等信息处理目的和授权。,conditionally_prohibited,critical,law,医疗美容,diagnosis_communication,非必要采集、未经单独同意或超范围使用生物识别及私密信息。,确有特定目的和充分必要性，取得单独同意并采取严格保护措施。,单独同意、必要性评估、数据保护措施,,mandatory_human_review,false,停止非必要处理;补充单独同意和保护措施,true,高,待法务复核,,pending_review,1.2,2026-07-27,2026-07-27,补齐v1.1覆盖缺口,S0015,privacy_risk,L1,
R-A15-106,超出原授权目的二次使用患者素材,A15,隐私、肖像和个人信息,患者仅同意用于诊疗、内部记录或某一平台，但机构随后用于广告、其他平台、长期素材库或第三方合作。,比较原授权目的、平台、期限、素材类型与当前使用方式。,explicitly_prohibited,critical,law,医疗美容,medical_advertisement,将诊疗授权、内部授权或单一平台授权扩张为营销和跨平台公开。,重新取得覆盖当前用途、平台、期限和接收方的单独同意。,原授权书与新增授权书,,block,false,停止二次使用;重新取得明确授权,true,高,待法务复核,,pending_review,1.2,2026-07-27,2026-07-27,补齐v1.1覆盖缺口,S0015,privacy_risk,L1,
R-A15-107,撤回同意后继续使用或拒绝删除,A15,隐私、肖像和个人信息,患者撤回肖像或个人信息使用同意后，仍继续发布、投放或保留公开素材，或设置不合理撤回障碍。,识别撤回授权/要求删除/不同意继续使用后的后续传播状态。,explicitly_prohibited,high,law,医疗美容,medical_advertisement,收到有效撤回或删除请求后仍继续公开使用。,停止后续处理并在合理范围内删除或下架，法律另有保存义务的除外。,撤回记录、下架记录和必要保存依据,,block,false,立即停止传播并处理删除请求,true,高,待法务复核,,pending_review,1.2,2026-07-27,2026-07-27,补齐v1.1覆盖缺口,S0015,privacy_risk,L1,
R-A15-108,未成年人医美素材和个人信息使用,A15,隐私、肖像和个人信息,处理或公开不满十四周岁未成年人的照片、健康信息或案例，未取得监护人同意或缺乏专门规则；其他未成年人内容也需审慎评估。,识别未成年/学生/儿童+照片、病历、项目、案例，并核验年龄、监护人同意和合法性。,explicitly_prohibited,critical,law,医疗美容,medical_advertisement,未取得监护人同意或以未成年人案例进行不当医美营销。,依法取得监护人同意并遵循最有利于未成年人的原则；营销用途通常应避免。,监护人同意、年龄核验、专项个人信息规则,监护人同意,block,false,停止发布;转法务和专业人员核验,true,高,待法务复核,,pending_review,1.2,2026-07-27,2026-07-27,补齐v1.1覆盖缺口,S0015,privacy_risk,L1,
R-A15-109,匿名化不足仍可识别患者,A15,隐私、肖像和个人信息,虽然遮挡姓名或眼睛，但通过面部轮廓、纹身、昵称、地区、时间、病情、聊天内容等仍可识别特定患者。,评估多项信息组合是否可重新识别，而非仅检查姓名是否隐藏。,conditionally_prohibited,high,law,医疗美容,medical_advertisement,形式脱敏但仍能识别个人，或健康信息与身份线索可关联。,进行不可逆匿名化或删除非必要身份线索；营销案例仍需同时满足广告规则。,脱敏评估记录,,mandatory_human_review,false,加强脱敏或停止发布,true,中,待法务复核,,pending_review,1.2,2026-07-27,2026-07-27,补齐v1.1覆盖缺口,S0015,privacy_risk,L2,
R-A15-110,未经授权使用医生、员工或第三方肖像,A15,隐私、肖像和个人信息,在账号头像、海报、直播封面或推广素材中使用医生、员工、明星、达人或其他第三方形象，缺少明确授权或超出授权范围。,识别人物肖像与商业宣传用途，并核验授权主体、期限、平台和使用范围。,conditionally_prohibited,high,law;platform_rule,医疗美容,medical_advertisement,未经授权或超范围使用他人肖像进行商业推广。,取得有效肖像和商业使用授权，且不得以禁止主体为医疗广告代言。,肖像授权书、代言或合作协议,,request_evidence,false,补充授权;删除禁止的医疗代言,true,高,待法务复核,,pending_review,1.2,2026-07-27,2026-07-27,补齐v1.1覆盖缺口,S0016,privacy_risk,L2,
R-A15-111,向第三方平台或合作方提供患者信息,A15,隐私、肖像和个人信息,将客户线索、咨询记录、照片、健康信息提供给广告平台、代运营、摄影、模型服务或其他合作方，未充分告知和取得必要同意。,识别向代运营/广告平台/模型服务/合作机构传输个人信息的场景和合法基础。,conditionally_prohibited,critical,law,医疗美容,internal_material,未经告知、同意或超出必要范围向第三方提供敏感个人信息。,明确处理目的、接收方、类型和方式，取得单独同意并签署数据保护协议。,单独同意、委托处理协议、接收方清单,,mandatory_human_review,false,暂停共享;补充告知同意和数据协议,true,高,待法务复核,,pending_review,1.2,2026-07-27,2026-07-27,补齐v1.1覆盖缺口,S0015,privacy_risk,L1,
R-A15-112,将公开信息或用户自发内容直接用于营销,A15,隐私、肖像和个人信息,从用户公开笔记、朋友圈、评论或社交媒体抓取照片和评价，直接转载为机构广告或案例。,评估公开来源、用户拒绝、对权益重大影响、商业使用和患者证明风险。,conditionally_prohibited,high,law;regulatory_guideline,医疗美容,medical_advertisement,未经同意将公开内容转化为机构商业宣传，尤其涉及医疗健康或肖像。,取得针对机构转载和营销用途的明确授权，且不得作疗效证明。,转载和营销授权,,mandatory_human_review,false,停止转载;取得明确授权,true,高,待法务复核,,pending_review,1.2,2026-07-27,2026-07-27,补齐v1.1覆盖缺口,S0015,privacy_risk,L2,
R-A15-113,向外部AI或模型服务上传患者敏感信息,A15,隐私、肖像和个人信息,将患者照片、病历、聊天记录、检查报告等上传到外部AI、图像生成、文案或识别服务，未评估接收方、跨境、留存和再利用风险。,识别AI工具/大模型/修图平台+上传患者资料的组合。,conditionally_prohibited,critical,law,医疗美容,internal_material,未经授权和安全评估向外部模型服务提供敏感个人信息。,使用脱敏或本地化方案，完成必要性、安全和供应商评估并取得单独同意。,单独同意、供应商协议、安全评估和数据流向说明,,mandatory_human_review,false,停止上传原始资料;脱敏或改用合规本地方案,true,高,待法务复核,,pending_review,1.2,2026-07-27,2026-07-27,补齐v1.1覆盖缺口,S0015,privacy_risk,L1,
R-A15-114,超期保留或无目的保存营销素材,A15,隐私、肖像和个人信息,患者素材、咨询记录和健康信息在营销用途结束、授权到期或不再必要后仍长期保存，缺少期限和删除机制。,检查保存期限、使用目的、授权期限、删除触发条件和备份处理。,conditionally_prohibited,medium,law,医疗美容,internal_material,超过实现处理目的所必要的最短期限继续保留敏感信息。,制定明确保存期限和删除机制；法律要求留存的诊疗资料与营销素材分别管理。,数据保留策略和删除记录,,mandatory_human_review,false,设置保留期限并清理无必要数据,true,中,待法务复核,,pending_review,1.2,2026-07-27,2026-07-27,补齐v1.1覆盖缺口,S0015,privacy_risk,L3,
R-A16-101,员工个人账号发布机构推广内容的广告认定,A16,广告识别与商业属性披露,机构员工、咨询师、医生或合作人员在个人账号发布机构、项目、价格、效果和预约信息，可能因商业目的和身份关系被认定为广告。,综合发布者与机构关系、内容频率、统一素材、转化路径、报酬和管理安排判断商业目的。,uncertain,high,regulatory_guideline;law,医疗美容,uncertain,以个人账号形式掩盖由机构组织或受益的商业推广。,无机构关系、无对价、无转化路径且属于真实个人表达的内容，仍需检查其他广告风险。,劳动或合作关系、发布安排、报酬与素材来源,,mandatory_human_review,false,按广告认定规则复核;删除商业转化要素,true,中,待法务复核,,pending_review,1.2,2026-07-27,2026-07-27,补齐v1.1覆盖缺口,S0011,content_nature,L2,
R-A16-102,免费服务、置换或佣金换取体验内容,A16,广告识别与商业属性披露,发布者接受免费治疗、折扣、赠品、佣金、流量或其他利益后发布医美体验、探店或推荐内容。,识别免费服务/置换/佣金/机构邀请与推荐、效果、预约组合，判断对价关系。,uncertain,high,law;regulatory_guideline;platform_rule,医疗美容,commercial_recommendation,存在对价但未披露商业关系，或以患者体验形式证明疗效。,依法、依平台披露商业关系，并删除法律禁止的疗效证明、患者背书等内容。,合作合同、利益关系说明、平台报备记录,,mandatory_human_review,false,披露商业关系;删除疗效证明,true,高,待法务复核,,pending_review,1.2,2026-07-27,2026-07-27,补齐v1.1覆盖缺口,S0002,content_nature,L2,
R-A16-103,机构转发或二次使用用户内容形成广告,A16,广告识别与商业属性披露,用户原始内容可能是个人表达，但机构账号转发、剪辑、加品牌和预约信息后，可能转化为机构商业广告或患者证明。,比较原始用户内容与机构二次使用方式，判断是否新增商业目的、效果背书和交易路径。,uncertain,high,regulatory_guideline;law,医疗美容,medical_advertisement,机构将用户内容作为案例、口碑或效果证明进行推广。,仅处理与投诉、售后或合法互动相关的内容；营销转载需授权且不得违反患者证明禁令。,转载授权、原始内容和二次编辑记录,,mandatory_human_review,false,停止营销转载;删除效果证明,true,高,待法务复核,,pending_review,1.2,2026-07-27,2026-07-27,补齐v1.1覆盖缺口,S0011,content_nature,L2,
R-A16-104,科普页面附二维码、电话或预约入口,A16,广告识别与商业属性披露,内容以科普、知识、答疑为主，但同页出现机构信息、预约二维码、电话、购买链接、优惠或私信导流。,识别科普内容与商业转化要素的同页、同期或组合出现。,uncertain,high,law;regulatory_guideline,医疗美容,uncertain,以科普形式变相发布医疗广告或未满足广告可识别性和审查要求。,纯公益科普无商业要素；或依法取得审查证明并按广告发布。,页面完整截图、广告审查证明、商业目的说明,医疗广告审查证明,mandatory_human_review,false,删除转化要素或按医疗广告发布,true,高,待法务复核,,pending_review,1.2,2026-07-27,2026-07-27,补齐v1.1覆盖缺口,S0002,content_nature,L2,
R-A16-105,医生个人账号推广所在机构或具体项目,A16,广告识别与商业属性披露,医生以科普、个人观点或病例讨论形式，持续推广所在机构、具体项目、预约方式或优惠，可能构成机构广告并涉及医务人员推荐证明。,识别医生身份+所在机构/项目+推荐/预约/效果等组合。,conditionally_prohibited,critical,law;regulatory_guideline,医疗美容,medical_advertisement,医务人员以名义或形象为医疗广告作推荐证明，或以科普变相推广。,一般医学科普，不推荐具体机构、项目或效果；合法服务信息按规定公开。,账号主体、机构关系、广告审查证明,执业医师资格,block,false,删除项目和机构推荐;保留一般科普,true,高,待法务复核,,pending_review,1.2,2026-07-27,2026-07-27,补齐v1.1覆盖缺口,S0003,legal_risk,L1,
R-A16-106,剪辑、拼接或改写已审查医疗广告,A16,广告识别与商业属性披露,对已经审查通过的医疗广告进行剪辑、拼接、改标题、加效果字幕、换平台或改优惠，导致内容与审查证明不一致。,比较发布素材与广告审查证明核准内容，识别新增、删除和重组部分。,explicitly_prohibited,critical,law;department_rule,医疗美容,medical_advertisement,未经重新审查改动医疗广告内容或跨版本组合发布。,严格按审查通过内容发布；需要修改时重新申请审查。,医疗广告审查证明和核准样件,医疗广告审查证明,block,false,停止发布;按核准样件恢复或重新审查,true,高,待法务复核,,pending_review,1.2,2026-07-27,2026-07-27,补齐v1.1覆盖缺口,S0002,legal_risk,L1,
R-A16-107,直播挂链、团购或预约形成商业广告,A16,广告识别与商业属性披露,直播以科普、答疑、聊天为名，但同时挂载团购、商品、预约、电话或私信转化路径，并推介具体医疗服务。,识别直播内容、商业链接、口播推荐和转化路径的整体组合。,uncertain,high,law;regulatory_guideline;platform_rule,医疗美容,medical_advertisement,直播商业推广未履行广告、资质和平台义务。,纯科普无交易路径；或依法、依平台资质发布审查通过的广告。,直播脚本、挂链记录、平台资质和广告审查证明,平台和医疗广告资质,mandatory_human_review,false,删除挂链和项目推介或按广告流程发布,true,高,待法务复核,,pending_review,1.2,2026-07-27,2026-07-27,补齐v1.1覆盖缺口,S0002,content_nature,L2,
R-A16-108,原生内容、测评或探店未标识广告,A16,广告识别与商业属性披露,以测评、探店、清单、攻略、榜单、日记等原生内容形式推销机构或服务，存在商业关系但未显著标识广告或合作。,识别内容体裁、利益关系、购买方式和广告标识。,uncertain,high,law;platform_rule,医疗美容,commercial_recommendation,原生广告不可识别或隐藏商业关系。,按法律和平台要求显著标识广告/合作，并确保内容本身合法。,商业关系和广告标识截图,,mandatory_human_review,false,补充显著广告标识;披露商业关系,true,高,待法务复核,,pending_review,1.2,2026-07-27,2026-07-27,补齐v1.1覆盖缺口,S0002,content_nature,L2,
R-A16-109,跨页面或连续内容组合构成广告,A16,广告识别与商业属性披露,单条内容看似科普或中性，但与主页简介、置顶笔记、评论、私信自动回复、二维码或连续帖子组合后形成完整推广链路。,综合同一账号、同一活动的多页面和连续内容判断商业目的与交易路径。,uncertain,medium,regulatory_guideline;platform_rule,医疗美容,uncertain,拆分商业要素以规避单条内容审核。,各页面均不包含商业推广，或整体依法完成广告审查与标识。,完整账号页面和内容链路截图,,mandatory_human_review,false,按整体链路复核;删除拆分导流,true,中,待法务复核,,pending_review,1.2,2026-07-27,2026-07-27,补齐v1.1覆盖缺口,S0011,content_nature,L3,
R-A16-110,科普标题与推广正文不一致,A16,广告识别与商业属性披露,使用科普、知识、医生解答等标题，但正文主要展示机构优势、项目效果、价格优惠和预约信息。,比较标题体裁与正文商业内容占比，识别以科普标题包装推广正文。,uncertain,high,regulatory_guideline;law,医疗美容,uncertain,用标题和形式掩盖实际医疗广告属性。,标题和正文均为纯科普且无商业要素，或按广告规则发布。,完整稿件、广告审查证明,,mandatory_human_review,false,删除商业推广正文或按广告审查发布,true,高,待法务复核,,pending_review,1.2,2026-07-27,2026-07-27,补齐v1.1覆盖缺口,S0011,content_nature,L2,
